Del,Nig,Dos
0.8018846266466814,1.4932626041250492,0.19526789538234188
0.8018846266466814,1.4932626041250492,0.19526789538234188
0.7422206564483705,1.633571830091453,0.3983635410566589
0.41196429843009974,1.6332682759658506,0.3786787813592662
0.05199536241289594,1.554756337642141,0.3675522664974935
0.06435674818882844,1.6286160133797734,0.4088690356429807
0.1904723271324862,1.469029888596391,0.4390319760746587
0.7225300211150347,1.0164651060148937,0.29284514961873226
1.4430338596102614,1.5984303365172143,0.4010384115811559
1.3130751100282279,1.4973952184857946,0.3715324815924918
1.8605904937931572,1.62287294757262,0.3636106954959078
1.122926096805479,2.069120264124749,0.4082761728939572
1.0810671389716195,1.9271765808472716,0.36171506354227795
0.25698188006616146,1.4383782400360614,0.27255265023311903
0.2135895981349583,1.5075965985182833,0.24083976002637794
0.17625329763528436,1.4230251015894066,0.24638312721779357
0.40733278955663427,1.3126486567133089,NA
0.46160177792771834,0.48259132264576904,NA
0.27225983163789647,0.0283808500479417,NA
0.4772669951461503,0.1758497611721261,NA
0.04397105767306315,0.2916145416744428,NA
0.3120673852368758,0.35408345940919167,NA
0.6238859224337282,0.3993851552725816,NA
1.189273029723859,0.4993560026187873,1.254940731891935
1.6675105530016003,0.32356118651095134,NA
1.8874949901543163,0.08687488971044405,NA
1.901753319385792,0.06642892639224995,NA
1.3743060794672022,0.3425840216744032,NA
1.5284258482114919,1.1719936354781908,NA
1.1377058566807303,0.8967230553817804,NA
1.497988428409034,1.029750726968303,NA
2.003036780453839,1.78845684934216,NA
2.456675141401171,1.3441093110511066,NA
1.960278027592495,0.6538537055077492,0.6085079522151586
1.6671700898735324,0.26811013646936027,NA
1.6578359220335543,0.23789008765684994,0.1537728150997478
1.4837709778471972,0.34243215364552554,NA
1.8388135124391343,0.5371840186518411,NA
2.0576603748403692,0.8537950281989032,NA
2.2606502284442365,0.9560028766546463,NA
1.9887103809834377,0.6935443253886925,NA
1.5775949778271268,0.7130601803343539,NA
1.5624551113443856,0.7139382047190541,NA
1.7099092847391708,0.6459179053905193,NA
1.2640910715076585,0.5476340908138415,NA
1.2937901697340737,0.5556924736694233,NA
1.082113539548366,0.9935077870366027,NA
1.3538264253492027,0.9721595846994091,NA
1.0156948004325494,0.9693017171277282,NA
1.031104671508276,1.30437561336819,NA
0.13407924563085366,1.7966661111519469,NA
0.982749977955559,1.7252197003002694,0.3307497545410527
0.5645591116269377,1.7199733891804307,0.340499315884741
0.5136202669846986,2.002507621691021,0.35790838582548834
0.70515362142816,1.748980084794207,NA
1.2646441403966693,1.6082450262651617,NA
0.8326639906080919,1.4423132005191213,NA
0.21889047181870744,0.891657652859273,NA
0.8954697328144325,1.0788600363469987,NA
1.2473486204646433,1.1398358037338896,NA
1.297493696739464,1.7810934718786324,NA
0.7823263187475658,1.9201089604711237,NA
0.466906762918943,1.6805453503755385,NA
0.596007980003014,1.5027430667411112,NA
0.6906340180442881,1.752768758804869,NA
0.543850044785137,1.966920116956558,NA
0.34425848287566013,1.9949401948429688,NA
0.9348029879477014,1.347585491336515,NA
1.1376967309648511,1.3412306096705697,NA
0.9718509435192673,1.344469854829225,1.0658003732353898
1.2378348220455109,1.7559150741678395,0.970998736192842
0.5385413678033476,2.075048881657752,0.9731613625972777
0.5476202255524644,1.6858696082268625,1.0269261086173171
0.6481375218308932,1.3067641032760156,1.070128444515659
0.25643200339211286,1.0704524832551554,1.108902372669805
0.17083454056575612,1.253227061125808,1.1369360193225992
0.9619687617852365,1.1934362990002476,NA
0.9785207912566649,0.8741625494038814,NA
0.7948331506084345,0.4304936535422162,NA
0.04549433107328662,0.1816144851985819,NA
0.05461022199442259,0.40798055479756373,NA
0.06851423707574276,0.30320000273985165,0.9529205376718651
0.5806183259350928,0.5907832475510097,0.9376216631425054
1.0183850167511728,1.3315085182374091,NA
0.3652555134677748,0.5525417903306353,NA
0.2607675975862017,0.6118568917041016,1.0536406518450647
0.8975148377443668,0.6769878187215836,1.0123190202219654
0.8467873755001547,0.3872466461523128,1.0236047463586355
0.6065721338123508,0.5614098769319781,0.9470072620879557
0.6389460471015194,0.3555179586987615,0.9662650509933542
0.3982116345111084,0.20803329412876753,0.9628996035775523
0.41432597530884085,0.20802361606982092,0.9816500459492379
0.042863961585503124,0.16287960451718456,0.9585930467494189
0.3432170495735063,0.13029067306191489,0.9986464188465686
0.3578529946117534,0.3268200813645301,0.9725973247953923
0.07606079391546668,0.4025604419700834,0.08826249692919608
0.2569698605986509,0.41702893411315,0.026415222918087428
0.07160333416905026,0.4448297923982023,0.8893919605394999
0.23927971673152815,0.4946610841240271,0.8607285903271905
0.6262481512661802,0.9375440755724922,0.8502997880561461
1.0202465697500627,0.9215441997106091,0.8928451475547736
0.6894099037569295,0.5461808204067128,0.33749733792214526
0.6417247358232189,0.6619953406828363,0.9627325526434831
0.5967746465952981,0.5258586706772067,0.9806840094314413
0.3078085176656118,0.6165941797635158,0.9194708369013928
0.05592435502782744,0.6270311038799681,0.8918165302736256
0.26140597597499027,0.23530055596780028,0.9101456423803522
0.07390936687479951,0.36835713937732356,0.9666565954209898
0.10179936570586692,0.6335474710933536,0.9195490147053229
0.14675196585044686,0.5403866701715414,0.8796759222686461
0.25079084312660876,1.1120185359933068,0.866822608512963
0.8320376808526412,1.419042428317751,1.0243429475356278
1.2403420606418634,0.23862805454399108,1.1115328316536914
0.7522606936234961,0.14602282485936482,1.9560053626613452
0.25294113766014004,0.05684407617847499,1.089501054995427
0.6858855672285256,0.6404635349647586,1.5932866413195275
1.2534209810566193,1.684230732813257,1.3821705525197183
0.9858808031020493,2.4171734464517742,1.3773404488648346
0.7653973530059957,2.1012052018677654,0.2263115582661485
1.3811966493386985,0.5477918523502004,NA
1.3811966493386985,0.5477918523502004,NA
1.5327334044128647,0.7837818238949558,NA
1.4613729915873555,0.7570866544862515,NA
1.397531510489525,1.1933917372466303,NA
1.1214729859165435,1.3423222568672726,0.7033054592360698
1.1134952595922851,1.4215780618400469,0.6737460802876489
1.0085207642763196,1.8073812566842777,0.6795257516297065
1.1279991676164052,1.7729126777720985,NA
1.06548952261201,1.8431302859563885,0.6512182788946592
1.167361352116283,1.8032658209079886,NA
1.1440205999432087,1.6330769935429776,NA
0.6741229949112916,1.343759487371325,NA
0.9522267919993168,0.7598421017616447,NA
0.9069212302053455,1.160758795058381,NA
2.1676881121528018,0.9506459786693064,NA
2.072773076986191,0.7089855264074926,NA
2.1289158654358076,0.22846952689469904,NA
1.8140501748300077,0.03218071421600836,NA
1.7437650865114445,0.3007074980837371,NA
1.297912689822494,0.4722555924028935,NA
1.4118787879633037,0.6590680958027602,NA
1.0449553085848302,0.026948141281107153,NA
1.1968287486155769,0.03852484819329025,NA
0.7712619541921429,0.17377582336408987,NA
1.4477169853395873,0.4767768017824115,NA
1.7223377402838451,0.6978363100115801,NA
1.6671080827471831,0.515990228510176,1.1191835581709868
1.5442854195141247,0.453626143010183,1.1145695871824188
0.885050410384848,0.3683472552381652,1.2772962267252896
0.4930539292100165,0.424077914674615,1.0707220212448625
0.37020436150289737,0.2871174791035323,1.068626464229852
0.3792207589121368,0.11540941351883106,NA
0.7611520051424314,0.4198813539739109,NA
0.40252547484266654,0.7683814919045355,NA
0.08688274523901099,0.3470375230419546,NA
0.7436687113474469,0.32196876584643186,NA
1.5783004742670563,0.13248818577914973,NA
1.44353002183042,0.43798682988747484,NA
0.13586587145050952,0.7589413070793868,0.8821212401328775
0.6190020584229566,0.85250444415541,0.7499580369077982
0.6951098540444021,1.0596625928147119,0.7182219974334276
1.059438057735967,1.0580232760703296,0.6769372549633002
0.7910976235230436,0.7373921887277499,0.38074687888891084
0.748388412447096,0.9305027222552855,NA
0.2708650297775729,0.8586247409258828,0.7933091728877094
0.2785624131402463,1.0476159700591599,NA
0.5895823066526462,0.9810900353420343,NA
0.41210064049370815,1.0690752243287611,0.8921911477007467
0.5509967475870557,0.59686608073688,0.7741026926768619
0.6622473752633214,0.9017936686613024,0.7425525085421276
0.8265389422895432,1.4154935542632998,0.6975141606539003
1.0435132053090923,1.304991332125641,0.6988996658255341
0.928964282235321,1.5751608356446938,0.6639205050932928
0.6005471963664519,1.3489609363923694,0.7056551172862133
0.7772833251499655,1.3718546854415967,0.39013241412130467
0.9852405320462833,1.6570834675843051,0.4070820438668452
1.3844907310662553,1.3653546793354199,0.44755748700802456
2.2294559671433816,1.9727033723225476,0.5345116805867984
1.7189117274942785,2.3792314748187415,0.5514736379876789
1.8152856513594846,2.4388493345744995,0.530235149014299
1.5115549843415006,2.120885789576477,0.5647098735467404
1.5389269743119474,1.9723354759053189,0.5743927262353998
1.4813426373937333,2.148348813245182,0.5535505121245888
1.6231472879509246,1.5470295151604159,0.5553494631456262
1.6620492554011363,1.454818433312774,0.5598906589832592
0.7515770508948069,1.1540953033552308,0.6684177869276904
0.6549252731252401,0.981470116135508,0.7180320909643305
0.7498433179344944,0.9835408109870707,0.70625721135871955
0.8482465578313739,0.8985206059074224,0.7274364319996396
0.08451878803174531,0.8098841916539274,0.7752501790415454
0.37730868865994033,1.0518605194589825,0.14142908018545008
0.08507915750031543,1.19799266336761,0.14087485769255362
0.3860533986576673,0.021720465213719706,1.0912452138690587
0.47703318866334,0.42983133647038957,NA
0.33596450247821774,0.3919197173735987,NA
0.615946070727622,0.7015813455826475,1.1089848185842137
0.5294874631897216,0.8101554973962807,0.1268811340322416
0.5294874631897216,0.8101554973962807,0.1268811340322416
0.008395504562434108,1.3539157378838442,0.6488847614392489
0.008395504562434108,1.3539157378838442,0.6488847614392489
0.31650845943850553,0.9367113040624017,0.6446975191459662
0.5924390013840741,1.0611375372563907,0.6295528314756651
0.3346063397879126,1.2041446301153098,0.5925828646136726
0.16265836861293698,0.6188343975527417,0.6793895067081404
0.3456147398339195,0.6239031014345462,0.7370178691266173
0.1256214791580506,0.7086145656402818,0.744753596383424
0.09495798524149436,0.5627544132898321,0.7564017629511628
0.3982531464660503,0.2713451179876088,0.7244838423629048
0.08694660046077521,0.8289176792833122,NA
0.33760314905533745,0.8509906663317456,NA
0.326573782365376,0.8324091368545458,NA
0.01810777478491425,1.374483948058737,1.5709060180807657
0.08188684094498633,1.050089858523194,NA
0.2148939715884163,0.9762777538054491,NA
0.3539116799817924,0.5123827467785613,NA
0.783474078349435,0.43092265849846023,NA
1.923761403582663,0.5562440777049297,NA
1.6607055709355014,0.4788576289152422,1.4122504173358388
2.0455401131086752,0.15850615393847223,1.3741017159105393
2.235971598322734,0.3774175034708656,1.3779915212584917
2.508973753240042,0.188837806903215,1.2679177687395429
1.8453653985797762,0.07388457208653786,1.348069914763271
2.076421383637002,0.35474235901146056,1.3618505179973976
2.087921054822296,0.7138061001650159,1.3190892463833521
1.8154365259656695,0.8590182390218198,1.326606595253052
1.5134960343246486,0.9272554308256897,1.2799341414020033
1.3539274305457198,0.45462332151699564,1.3520662933746996
0.9596362750262147,0.05387396839815858,1.9704327847720133
0.408388331792466,0.06328158706753256,2.067433475436249
0.17490448117297364,0.4041832744802154,2.044061676818797
0.18614660513110282,0.4777038801144029,2.0895660317814224
0.24550024081924737,0.6432837306405191,0.46785611363194524
0.037258944348299204,0.8732949856938912,0.5129965212977542
0.2636797689368126,0.6319828062835385,0.5467634835198352
0.3333068865268583,0.7473658255307221,0.6833679450964607
0.5242603834508964,1.122602674789337,0.5604002561508301
0.2077566992082121,1.3898743822354276,0.5335673845954461
0.5537979002466237,1.712771863104378,0.38672129709668135
0.7613295195958839,1.3425760196692123,0.3283967815354113
0.853785110707878,1.5971692153392076,0.3373138309550772
0.5123346572178064,1.482595119129023,0.2376988205036951
0.2898659049654207,1.0609583679267665,0.2973089534058503
0.3876095590823711,0.9319589599302448,0.5217578284110316
1.1323699656494781,0.8512923758688379,0.6371679360427432
1.1723248048825454,0.729599710266777,0.7033645564071842
1.2225444543808395,0.6348784892893129,0.7071940027549871
1.0825134401534111,0.7264450048634404,0.6680847145610225
1.1041320656314348,0.10077085226448446,0.6497458099396434
1.2905299980538416,0.09603470679228478,0.2493014599686052
1.041537615257404,0.024989095319493063,0.27641337627640084
1.1727042681293771,0.05345379785498225,0.2317549077322486
1.0489962940460527,0.03595879584841739,0.5680471244052516
0.9259797572711684,0.06841784951429407,0.514887461889994
0.06272468690165446,0.2775486951103235,0.45633246269869765
0.16431416066172502,0.30255098157701227,0.4660105431785407
1.0387303835840136,0.9691129163800346,1.5653792798059132
1.0387303835840136,0.9691129163800346,1.5653792798059132
1.0233802416324886,0.5908470580808582,0.8764852693993335
0.6106787739857149,0.9270677168565087,0.2400395165381703
1.2890415031906761,1.2002782370604685,1.7709664559764693
1.5104798130354238,0.45353624415228627,0.9892920249941543
1.9033548462092558,0.05152622352643674,1.010071004027061
0.8979788887060312,0.08493090771395015,0.24304484305066457
0.9313787950270616,0.448524312227257,0.21930885849570253
0.9237118097361524,0.7503106636499814,0.2794746287427047
0.8631965295576686,0.5317139999469477,0.3258825018509538
1.3197573740652535,0.185113211302902,0.26516274828964914
2.2431249753745215,0.23467854480487302,0.25433584519587754
2.3939091600018467,0.5292259314728405,0.26823413605106267
1.9041473154134967,1.1087619100036874,1.0340163295104727
2.423221730549737,0.4167454165442477,0.04599063288761217
2.1810500414485046,0.9950649397519763,1.3883716600010207
2.2008742961577945,1.4767475843590039,1.4864933924329822
2.1369863850164488,1.5930051438506623,1.1367926958098449
1.9305842332572964,1.8028414629630822,1.1831989672618788
1.8246381633548452,1.8133902599271785,1.2040511310132502
1.374812098027813,1.4798681232318307,1.1549415144071007
0.9926354052517466,1.1852288566566336,1.1346184216879929
1.3101257286879027,1.4581599922762014,1.6725403300593278
1.545473953490827,1.108906796238461,NA
1.085878602872793,1.1997231066764689,1.557084100917572
1.0135234184863173,0.8757192418222791,1.4962730977313223
0.690542372398796,0.7288209423841189,1.4687940461644302
0.42295411028671703,0.8349747326771374,1.558701043025604
0.6942631025608184,0.6386774964222179,NA
0.937228291658367,0.47397043802108685,NA
1.4528125195337038,0.5569657386330106,NA
1.7699793164845279,0.026576855623326134,1.6871233463021702
1.3844104152478995,0.1632583115581745,1.6440946484638739
1.6993169050002601,0.6499321828773105,1.668771356326981
1.1217378304602803,1.2243838450166986,1.5385959715435975
0.5737876228407002,1.2569908292172305,1.4893635179025628
0.05333579822008973,1.994121378806535,1.3473675223803714
0.35787560594755824,1.5264886354017444,1.4090367917234436
0.6712263121259019,1.3783903735637868,1.474756690242497
0.7062341694682246,1.177189844543618,1.5426854349470498
0.24915678445556663,0.6703926892603845,1.5176524314920297
0.7397548923331381,0.98427750874801,1.5202364223486005
0.6760727252220639,0.919314444731771,1.5008226699252567
0.777075021313355,0.95549804922921,1.5033742026260157
1.0284349378802107,1.0188138113194796,NA
0.864676200131303,1.1489939799463325,NA
0.6181909897810742,1.0154826502088212,NA
0.47624460578553257,1.624242738873389,NA
0.757665947059567,1.983983938762923,1.6785376946848394
0.5188070719169308,1.924198207026669,1.716085867968522
0.579071874203417,1.6956198336650223,1.7334664663984385
0.6117120953243737,1.7278584412817466,1.704553386309775
0.5175332375422602,1.5522916036084078,1.7356213123940043
0.2672532135755598,1.8111656708653594,1.7706580978246855
1.243186894264955,0.5703132956156259,0.7370609540327588
1.243186894264955,0.5703132956156259,0.7370609540327588
1.243186894264955,0.5703132956156259,0.7370609540327588
1.1269990046860818,0.3454642035428743,0.7347592015485165
0.7519269719399262,0.030377459289730468,0.6853519266934149
1.0058306028671742,0.08518213272775785,0.7133039256478466
1.1532400956782032,0.027884380835740612,0.7124825422595298
0.7395728249963551,0.07092949539598808,0.6904565090586324
0.5116843444940713,0.3804262389327844,0.6668960767070482
0.2388491268096438,0.4756769026375371,0.6540258165410405
0.04099731983556203,0.19823452294708024,0.10720428824302135
0.02164041449535641,0.02877930846298373,0.6877018224887831
0.1335390108298866,0.013150261858620992,0.708374003928122
0.09769909606870639,0.21271742850610795,0.709769419292605
0.1725399242368948,0.17718649896729277,0.9003612123346101
0.3856767739741544,0.0479449366209232,0.7738545010800351
0.08529423511405482,0.01851544992513847,0.14005021706401358
0.804100192564456,0.34813885259068683,0.017085974963664523
0.24019929469511367,0.02370094284614153,0.004683498651983622
0.7313796518944479,0.5167377205324832,6.394242181508921e-4
0.8336864221761425,0.6962808467897403,0.01649361279904958
0.48567467721610835,1.1718462442309583,0.06594564259474706
0.2780418720142413,0.8771601645669161,0.048982503209301156
0.16737822110501674,0.832558315143328,0.046229608346637203
1.2707670519307455,1.2410189821654363,NA
1.4575642609475448,0.08886868809204762,0.32761380622275676
1.1460755232407394,0.8005489782460751,0.3730323907572549
1.4295061952373105,1.0504041909952708,0.4116789179826062
1.194619865263575,0.81474869400833,0.3397933380206995
1.1929240831361698,1.057484867026972,0.36942374663772487
1.3178713209749027,0.8065412332770636,0.30446376657932395
0.860876460138157,0.2845674844435062,0.953321734010482
0.6882723593628864,1.087173772178881,0.35409413242656335
0.7942640551001562,1.185118157615939,0.34940416371753247
0.6183190583484419,1.2918844017556927,NA
0.5966732316041852,1.729182441439071,NA
0.5543962144554744,1.465247992742774,NA
0.48218346133136325,1.6042861609475922,0.45021947511325655
0.08641589473603167,1.102226985565165,NA
0.7591685330020418,0.7312465915176645,NA
0.8305361757786057,0.17770221951302978,NA
1.0485120506602656,0.04521054112857601,NA
0.6381686773832453,0.23972596104473967,NA
0.25471421937906313,0.8176409201031577,NA
0.08644810883419093,0.61455220757045,NA
0.45197805014895087,0.31903020593037,NA
0.20134130746056053,0.0012919218097358653,NA
0.06817350106307235,0.18482392040459192,0.7689752274360877
0.22344171906973254,0.3018498023941022,NA
0.11081932529327639,0.25756686507833554,NA
0.059612492760083874,0.9642428914690981,NA
0.04442166986397197,0.9143725839782624,NA
0.010559917210575387,1.0982975008412565,NA
0.4168017809760585,1.3110020911138798,NA
0.3631549632807745,1.0486392181143926,NA
0.5598773556704657,1.316396095605369,NA
0.29180406998574276,1.521276737109321,NA
0.19215435801162156,1.4475125220268332,NA
0.3280940436712421,1.522665342228876,NA
0.5073245348887455,1.7092899083361526,NA
0.38501715705569145,1.9068854762289318,NA
0.41957708618129425,1.7438448194123248,0.13310758715113397
0.41957708618129425,1.7438448194123248,0.13310758715113397
0.4063829101844284,1.982541747359654,0.16887372191938987
0.5276136008029043,2.0096159884522606,0.7432487187554314
0.5276136008029072,2.0096159884522637,NA
0.36051772472201793,2.1093340606130617,0.21614824228037996
0.36051772472201793,2.1093340606130617,0.21614824228037996
1.5107191689380448,1.16708406668556,0.22568651875796528
1.5107191689380448,1.16708406668556,0.22568651875796528
1.2641315749509996,0.9795274067185533,0.24819194234975506
1.5115375861436615,1.2314466092749952,0.2612958845594139
1.5780002443261347,1.0641096367349385,0.2333164587013908
1.6390528709445051,0.5637939878222576,0.21960514122448327
1.553479713252443,0.6904934603588598,0.49516751592496827
1.6723938854742257,0.8022684432539167,0.48531211464089247
2.4941209809081126,0.7712515636360261,0.4674072820500862
2.6900675229367548,0.5401054507523698,0.2563071074191945
2.8923376650545514,0.2226943301190414,0.44930003235905386
1.7445168316767437,0.022341561259590415,0.26779195217598506
1.4485400649300948,0.2528109399223869,0.2161545343968098
1.2300486937391855,0.06937658143716315,0.10620123905877853
1.0578614382175655,0.09101900707936074,0.13819683394642915
1.0189016159485558,0.7841642535518226,1.1028731531061655
0.8245936117431893,0.7653725039100574,1.0834365502796555
1.104677269557247,1.0968315013397367,1.2117323626261314
0.47071740416036023,0.5060818539518832,1.2208066042876327
0.2612680971435331,0.43257172971351826,1.2121707689329706
0.2822597233192482,0.5138864896574111,1.1311976067370757
0.31456818438543405,0.3176939180091501,1.0159099635229962
0.20377192732627245,0.4299360352137215,1.0248552599625294
0.2008398082814811,0.3569955833380521,1.00068245448032
0.07467271788698068,0.4400619873931638,0.10907879886557352
0.5152514491183142,0.7565944084714191,1.3640602195614882
0.8851396830674453,1.3961892627191055,2.618424028023975
0.5783268177393671,1.333161187579664,2.6338439386311814
1.0043223223793947,1.6782905923315417,1.9567290893298426
1.1851225409333157,2.0207389010908683,1.1920480478980542
1.0577363197123881,1.9135359409811772,1.2125678031742804
1.2611819705428022,2.1151135658826252,1.1229087518753043
1.3733605314916175,2.386128736131256,1.228666011050616
1.5318033917781886,2.3509254916759783,1.2352325033555986
1.8158849326580224,2.5654055320770026,1.3152328136500502
1.2648668957553615,2.151649768258144,1.2150370428697221
0.9183115994065442,2.370185462112373,1.2422111476688298
1.230396528774763,2.6783185866817902,1.2226748341774414
1.2102839905931035,2.206188825152561,1.10991879180574
1.3590166534458865,2.2089633639656627,1.1235999561931256
0.6482332302499948,1.960090719764052,1.9778706816129095
0.09766209543605016,1.383124362442326,1.9952378431807183
0.007609611808938517,1.721061688672791,2.067389795985738
0.04601925749321728,1.661953854871731,2.021160678916804
0.02890413560292578,1.7749611957545635,1.9875895982778748
0.23257863043786217,2.0495511080862108,1.9968967141278477
0.27193649519617175,2.03343954673599,1.9208257694718882
0.20128493085598495,2.290949795913484,2.0299402464424565
0.15635406803511337,1.5765123063331232,2.1258338911908625
0.29206141208414665,1.109409462931615,2.0947259799528486
0.4927102811228913,1.2472321900268142,1.3175421254948003
0.039447296667842774,1.0566465819671276,1.14623063053219
0.1511597755328162,1.1904514999367342,2.0197126895534327
0.01550671994536532,1.0915739241728402,0.7437371475733253
0.06756279416080929,1.0526684323094433,0.9174769687081544
0.13191455293417434,0.6350335697723059,0.9417653418698573
0.28915751518310856,0.934831954551977,0.8819258607138297
0.260815267445132,0.6789076162927453,0.8984430005188219
0.3380354405714342,0.7064017703453666,0.8766398754394283
0.48503501418038175,0.760201374684226,1.7977515649556786
0.8379024578419857,1.0561931491328567,NA
0.1463018384347847,1.041495660103119,1.0791805522076392
0.2501777501686517,1.219502666136685,1.0445143758154263
0.1508844062666812,1.3984130455918138,1.0944095896085781
0.4194744734730172,0.9113619537572266,1.0050941616414413
0.7910380218967831,0.6558986956389732,1.0640681490157209
0.4665274008857999,0.6114468513587269,1.0794732562608866
0.2952699910546479,0.39502443694217315,1.863265669935413
0.716466383582014,0.31684285362905024,1.7410414330485242
0.8686926160895372,0.00290338424995008,1.46414852204879
1.0634284925259583,0.2074519701450398,1.87325747981653
1.450289751919697,0.07309503226155475,1.8568222084509622
0.8964871864086703,0.03506613852999708,1.079104318646576
0.8511304010172596,0.20788116100223195,1.0890423318869422
1.3191287468585364,0.27296913059366573,1.109860228395301
1.218963458900089,0.1623794327408706,1.1107068336105201
0.8717871036967373,0.6336560557563377,1.0684927315008468
0.8002614223611121,1.6340632790282155,1.010154868325353
0.7746783516859765,1.21484086979524,1.0127952470439985
1.304348550984724,1.193192330370983,1.1207567764290354
1.2900293507901537,1.246162165467369,1.0992022457508588
1.4655060225657404,0.8080367926500807,1.1293662165681992
1.786667072638156,0.2556377464854655,1.1983852215607265
1.7191944540157624,0.1513323218086942,1.2206282448417538
1.2972794392466387,0.3687670284542771,1.1793285820096249
1.3666031502176064,0.017934693889270475,1.1878829635977997
1.466791997264253,0.18309378930000197,1.2180922060910497
1.7793332796857366,0.11727001382988765,1.145653335467523
1.7793332796857366,0.11727001382988765,1.145653335467523
1.6804389865917784,0.2477524863696129,1.1339236752145934
1.9618252494157011,0.3128514911756185,1.184252286876669
1.9618252494157011,0.3128514911756185,1.184252286876669
1.9618252494157011,0.3128514911756185,1.184252286876669
0.7301920575209258,0.292313326601978,NA
0.6152547057213502,0.40999038869069393,NA
0.7678652275299174,0.5681372015603384,NA
1.1332932203844213,0.791349563739662,NA
1.0759085317221058,0.3929816306771289,NA
1.1668565436715828,0.21099934751376184,NA
1.3143676024070394,0.18809702335686396,NA
1.4783858048694523,0.14244083938011481,0.35990141837930434
1.8685758516737834,0.14939812142578013,0.3611043524344461
1.5880647649264952,0.16811079496026135,0.30647598987741276
1.3909378037277915,0.09217427571559264,NA
1.635709674250908,0.0043559528212665476,NA
1.2105952835201406,0.013432929801465232,NA
1.3284664072377916,0.24566353975298497,NA
0.9040869915591832,0.33150082188057095,0.05311837218382215
1.3170148402692525,0.41509076924341254,1.5527038497125203e-4
1.6052219354573891,0.5580420421218227,0.030972984409376153
2.4035701712477002,1.105745055713535,0.7121960811586103
2.3915885102568724,1.1248255652436148,NA
2.5465205836637113,1.6732704240077358,NA
2.2168891878258865,1.348052573255679,NA
1.6978873765245655,1.095238821764806,NA
1.688960043706717,0.5101720147434511,1.1010743968657817
1.9676901548141885,0.6236149738400133,NA
1.8311350078093391,0.4298589274599393,NA
1.3386615312924284,0.6215685096025904,NA
1.2661570236973345,0.8700959427925242,NA
1.5465043361805284,0.663749279267544,0.2554452801153824
1.1978257028850905,1.0591106703585207,0.5249793124216912
1.1978257028850905,1.0591106703585207,0.5249793124216912
1.6057386106714193,0.6243154261926254,0.5742596193469343
1.494397698519361,0.8819469786460148,0.5610906520823038
1.3788958766870143,0.8573559967459454,0.5814892490733652
0.7546508310235573,0.26720424670770915,0.6313781665057413
0.6203868308089688,0.3172133998084024,0.6808768237663899
0.6825536237480714,0.3637316952221713,0.6738550030666216
0.6243358988842503,0.4329854480360596,0.6488150566374502
1.0081837843223431,0.20537933887434548,0.6293371662386562
0.6578422882871643,0.0921245254126786,0.7487656648084292
0.8965522234665557,0.08395610842412823,0.7300028593852965
0.9400431204093319,0.3677929886471517,0.656752771902784
1.2946760908811434,0.3879096127525695,0.5891944316213433
1.6551077200459752,0.3583325678849201,0.5426535497590304
1.9769812299051768,0.5290373103629145,0.5164388692864416
2.1026882267108022,0.02790669893261942,0.5249342428508939
2.1087999860154634,0.22525768821211625,0.6088033063661346
2.465551974092385,0.4074546133973751,0.9971219225374905
2.4042953447071493,0.2570377831209853,1.0244562920950882
2.3579576480052746,0.1163455508964647,1.0161395490832728
2.6589451856308526,0.1806076489086461,0.9893409729970202
2.0203024259724582,0.2616102351800949,NA
2.1388842934543186,0.25050707048018517,NA
2.8476701128433297,0.35630775619531463,NA
2.5807244100838034,0.07591769401497277,NA
2.4757737459289864,0.14347166367168296,NA
1.5784852270809573,0.45849864922293077,NA
0.6733963098694784,1.0450255067189491,NA
0.7821853764555065,1.564299712735221,NA
0.5407246499331453,1.360975421423604,NA
0.9692030590374775,1.259147031386819,NA
0.874342853236283,1.0501251219555727,NA
0.6135056350756234,0.8694721908972592,0.4576195329318733
0.3037713900077733,0.3943665091399326,0.3655545814159095
0.18867112418554924,0.6440316023231802,0.31036244553152625
0.02883575621903134,0.43158906120380414,0.2625680979462143
0.559774872369295,0.08077721402574171,0.12253107715048109
0.28558504391387884,0.23670430773407777,0.43497356997231057
0.24140743904524006,0.20460680364701317,0.34744473013482063
0.3010997332370672,0.2211410869984741,0.316432310470675
0.023515597439626775,0.24497707951653883,0.36042523763927636
0.032613306899935926,0.2860612323485121,NA
0.38393367065711537,0.9737950776217175,NA
0.9326431913920572,0.02980076894025064,NA
1.1274553264713847,0.0455105784544842,0.3111719000140031
0.8635976373882721,0.1442602798155599,NA
0.539220018093244,0.0085809579673438,NA
0.7504311150755233,0.020896950662455095,NA
1.039348468742064,0.03679296572433708,NA
1.0738556408127342,0.002821086632859571,NA
0.8079582346901951,0.002939694944823469,NA
0.6052576120532469,0.4242899252722646,NA
0.829787453886798,0.17192044774341386,NA
1.0665089403541288,0.1766049594538539,NA
0.9186142594515451,0.6729236803985692,NA
1.1784529560517936,1.221057369851934,NA
1.3683725078537534,0.999937171977343,NA
1.2060451196964508,0.980873329893742,NA
1.09367091691846,0.7782862878629208,NA
1.19902842151491,0.8366787384598253,NA
1.0328082634223745,0.648615614090718,NA
1.5441095689579083,0.04947023852358774,NA
1.2141271729970284,0.04639775948544301,NA
0.7216392657753106,0.2807552530535233,NA
0.43106446964528805,0.048249035781084366,0.23593430468475124
0.3372430473652409,0.4399571937307534,1.072117540635092
0.18796555614570673,0.3534226127389089,0.033182438503961374
0.18796555614570673,0.3534226127389089,0.033182438503961374
0.07975397940893705,0.10840849106195809,1.0238268221650382
0.3121260063161265,0.09831401226251843,1.0418914355455624
0.2698383546603996,0.057229150945812754,0.8778689956349979
0.4650365353860387,0.030126772441981003,0.8822942952946947
0.6552843386850398,0.74147006628977985,0.803437877828185
0.34408747984806826,0.737716611341974,0.7975703401568035
0.34414742651091845,0.3410361802546648,NA
0.8023479656006762,0.178571050145374,NA
0.20326708365241164,0.13675205527721243,NA
0.11020906152146925,0.14991050113386917,NA
0.6750837012946027,0.32585641284432976,NA
0.2955885283908591,0.8802277431405313,NA
0.37976928136891797,0.7877767873956735,NA
0.4079289110171196,0.7696779826173814,NA
0.6173034341345897,0.2581247013760955,NA
0.7852643310827204,0.39938481834695505,NA
1.2156174650363147,0.40707044719774754,NA
1.0138320546367372,0.22148699454206744,NA
1.002319143538011,0.26958714354338736,NA
0.1207240879132075,0.4101610096762316,1.4808991296318197
0.6624948030793848,0.33005139966664315,1.5496956595370086
0.46281174073599235,0.658033744679255,1.5222333836312
0.4144586211038842,0.6160499582917486,1.525112034940381
0.6322416200728953,0.28041629445276955,1.5054966927609363
0.449993946571879,0.450408033052086,1.5198044175284982
0.2651750130304797,0.549555539354354,NA
0.11875563573991461,0.49622478850637525,NA
0.11875563573991461,0.49622478850637525,NA
0.19556013325002672,0.1859103261694237,NA
0.25542501898258474,0.17107310470712536,NA
0.032233825030497786,0.0648142756804776,NA
0.16176947095954838,0.11754892535262967,NA
0.28064987388276663,0.11584886186029483,NA
0.02712086590827434,0.4510274233422266,NA
0.37052450757786726,0.3875418237253834,NA
0.060892681967848514,0.046295752034496505,1.5939351746446042
0.14161305412483563,0.2928888285420462,NA
0.06330064607947168,0.21723490536932438,1.5990336621650032
0.15963027164408272,0.03320104517467771,1.58046246442575
0.5640695513572412,0.20457737801356154,1.5620080522454183
0.3270434315905404,0.20547302979288878,1.585324523863007
0.09495345569521926,0.3133508257067193,1.6197955670626774
0.3858435705642058,0.43268537128302176,1.5972497171825493
0.49328647083950494,0.39118954799899475,1.655501349931795
0.3024741475860098,0.7009042006392615,1.7189467713221822
0.10100309329179798,0.6088432538163819,1.7447649912374785
0.06810026579772227,0.3920334244536335,1.6609252070572058
0.021643835476415258,0.18586002684716066,1.6268389352285377
0.18355220922591683,0.08930914165791712,0.42893278236695687
0.18355220922591683,0.08930914165791712,0.42893278236695687
0.24986500297122538,0.22641477674094085,NA
0.56631329482548,0.1557608884829616,NA
0.703172897992228,0.6367531744324966,NA
1.1472132388497465,0.3361560222260838,1.029065478208361
1.2290179919730313,0.2425676204785157,1.0007711533324732
1.0588062647596521,0.16823869894550308,0.6221572669524573
1.6936526595054484,0.19227218434267082,0.6267007367979768
2.1796494672527165,0.3298578451126418,0.788278385412106
2.301515776333237,0.13216279096085748,0.9549818844791848
2.159787146623385,0.07882328739598694,0.9247102915108423
2.4753949168060454,0.7789999179659006,1.0071143024167628
1.9481174942602126,1.0107520538992816,0.5943905763899262
1.5988640612548295,1.095219927980932,0.6183630538938725
1.56557061130657,1.3779417315814182,0.55723292922097
1.4140497674439587,1.170081446999072,0.5623787730383172
0.7336202375379849,0.8000477321836648,0.7461836861231741
1.0535700831838155,0.38924455175988504,0.8090768905402798
0.3957038190200397,0.9465339083044084,0.8143960922969555
0.7018079901137202,0.5780216568082206,0.7635252204936803
1.284063108219747,1.2548114745445738,NA
1.608190350084459,1.5633923175557423,NA
1.4251318687730246,1.5805099580407278,NA
1.1913438163894672,1.9243950810423611,NA
1.1832358991301617,1.5572189455313759,NA
1.7128357452149439,1.3792618378153012,NA
2.1061980621516394,1.22735518003838,NA
1.7966714937800172,0.4751271674681578,0.4060262560812431
1.369787098315029,0.5933469380629391,1.3795065703534894
1.7776422003388088,0.6803667135419706,1.41521202018871
2.164145187494349,1.1183517249795647,1.383231535544181
1.9669337436495031,1.3874028133580376,1.445739642075952
2.1306761680893604,1.4791280181418056,NA
2.2493659442189116,1.7220486574538065,1.7337633672518327
1.9827638055134045,1.9309089450096781,1.716715747987295
1.8805321232200911,1.9784635331210683,1.742686618391291
2.0319462209533423,1.9138730248614135,1.6989648853101849
1.9030470377071247,2.2810951997783033,0.2805964714588119
0.6157848111945489,2.81377717196131,0.430362673002694
0.37054196950482615,2.4021167861764567,0.39349405984515856
0.10628813339682552,2.445026012819318,NA
0.880986731385152,2.0725509530566018,0.6610293436564934
1.290338104513768,1.6036215337049435,NA
0.5185078222567416,1.9446912028235803,1.2125664334242052
0.02345303836664019,1.4856613174538222,0.0884928983788179
0.25258488566128334,0.7395652317833294,0.1844428533831296
0.18969171251200667,0.4930082371328347,NA
7.929731625913176e-4,0.14330521356857367,NA
0.2179549685193027,0.22808012536942213,NA
0.122386044829692,0.09780676664372581,NA
0.15643190863513662,0.2297006982660821,NA
0.11865934843527842,0.024138318760353723,NA
0.10654057304801635,0.11181420938406772,NA
0.0698770158279867,0.04883716239141329,NA
0.2123258041709975,0.20030446243039102,NA
0.22456672381695927,0.04135509358332528,NA
0.2566794794987627,0.07647701127566565,0.34520407430085365
0.2699868871589662,0.7120606073170987,1.969282658704854
0.35752292500807953,0.6129150562456057,2.0669888588886103
0.5252272184108749,0.4911064934578416,2.0409647420068753
0.044994237983896526,0.07910049735639825,1.3067810105125914
0.1511413177139822,0.27975067724169245,1.3700808691200432
0.17953294648071327,0.24730805569132322,1.3863047407903533
0.5464025360228905,0.14148522956409748,0.2774116572537271
0.36801595680628035,0.33819571456035363,0.22915440457557176
0.14865742161609707,0.6495892097456487,0.2686692708857023
0.10903143164892155,0.3731484720183419,0.290770084070237
0.5445292178537213,0.31036628350897694,NA
0.4692667890036462,0.37025491528414267,NA
1.1030018898020195,0.6632932719055021,NA
0.4189340545668295,0.37659849593603245,1.773734830954001
0.7184121522583957,1.423119387361393,1.557174761199582
0.8207278507948051,1.4807442225122323,2.127908931804796
0.7057316877944303,1.8626620115875665,2.132206851299611
0.6274422631629567,2.0204031426472544,1.5220342310535417
0.8296302969363545,2.22612912703555,1.450487386490388
0.948624430000107,2.03695761265138,1.446677565929284
0.6656768521593671,2.3843400795205665,2.017061102137578
0.5616242990195607,2.238289696067218,2.0032586672515866
0.4886710248149743,2.44839626372539,2.057459172139181
0.9181361409050968,2.319501009293856,2.008812614667223
1.032755351488968,2.5254400406693485,2.0254337355948238
1.1524303556027853,2.411247373226988,2.0164881676108464
1.1524303556027853,2.411247373226988,2.0164881676108464
0.7052128167131463,3.021225688065754,0.07979951399788413
0.5529131317022175,2.657507176562156,0.38672139124836513
0.5779485641158176,3.2103405911460103,0.48380052352856656
0.6237822148455606,2.2935711625506228,0.4051851355572809
0.2001331736643057,2.2454793361587178,0.4621010435363558
0.10323413294685342,2.656509974420893,0.46713040051172566
0.7035728623962365,2.9064168856423933,0.5043230802512405
0.19898022205763227,2.4318379294329167,0.6315839978210922
0.14162062189814456,2.4595376571250696,0.6451643802049003
0.1449151292007493,2.453173779432946,0.48147931724257725
0.6524647903231909,1.9278406017089835,0.9359144518576717
0.04724884171452517,1.0835662128767598,NA
0.04724884171452517,1.0835662128767598,NA
0.03293747846290745,1.0786830073986478,NA
0.0837605091342744,1.014469210091312,1.0045395211993262
0.9770041847366542,1.1784638621530745,1.1571297918527026
0.8818649934051632,1.1495879325226859,1.1528217247034562
0.8752633890662134,1.1580799309057919,1.1714590287218543
0.12089647094799842,0.9054558826413314,1.0085127999088572
0.7063827152618323,0.7909872782137845,0.9256449362528504
0.46644315228321087,0.7088452364875477,0.9482446716052536
0.4205720366674211,0.9207516065129971,NA
0.15949891665567484,0.388858369649951,NA
0.23679333064817806,0.18643957797699834,NA
0.06193766030567384,0.12431214423815021,NA
0.32441176890363765,0.4486696268869957,NA
0.1808281554144263,0.32539899132510175,NA
0.09576528350726984,0.034947235142937495,NA
0.1313912258294214,0.01875348032554644,1.4879416199038673
0.29227121698846836,0.617921921205778,NA
0.08087436451728057,0.5714111727216374,NA
0.2954644548561479,0.6701081370511406,NA
0.17453916069082717,0.6729065838027312,NA
0.020851219610030964,0.8722390685899656,NA
0.028215876521641703,0.722796849379509,NA
0.22539613321648935,0.5138198959875351,NA
0.07347347262698826,0.4407304141513068,NA
0.03804306965748928,0.11425759486864671,NA
3.591740894895011e-4,0.31273446264763116,1.2807597857804653
0.09723590269064268,0.5291315285373741,1.312030745318808
0.6013513841326491,0.28574149566672336,1.1929334637180924
0.5719067582613926,0.7391297616246241,1.2907019839037497
0.3531328458021804,0.8409412925365982,1.2513069513733768
0.15548381476868234,0.6100148234676239,1.2759401779765263
0.6958419745904518,0.9646420384921871,1.2284907343170894
0.4605344499869477,1.4574339187014251,1.2554170282081463
0.4964828199877994,1.3313243326468,NA
0.628059028964925,1.7185541503942854,NA
0.8986767752526561,1.991598066210913,NA
0.9411196840208846,2.100360264179459,NA
1.3011099814348608,1.9817373205543012,NA
1.5954311222600053,1.9698184545177222,NA
1.6769883151471738,1.9018320552309724,NA
1.5416268259720207,2.0097507156630927,NA
1.4729584489423782,1.808458036264125,NA
1.4729584489423782,1.808458036264125,NA
0.8479340297254845,0.8269626096821293,0.22752278411626017
0.8479340297254845,0.8269626096821293,0.22752278411626017
1.064550751230691,1.078683472381113,0.3079748302463889
0.4434137399256779,1.1009648808813457,0.2112175267755342
0.2531404308312836,1.5999454938925053,0.22608112089362958
0.4135930042759693,1.480646492866025,0.17365742379331545
0.2910305069002262,0.6571382221810257,NA
0.44808969590040826,0.464702509026091,NA
0.9333677228825434,0.6028947237092472,NA
0.7910438035703088,0.10443036896415413,NA
0.6677150337233713,0.14794928862596582,NA
0.496298408257929,0.07570405372153563,1.6026348037658802
0.18359468358420253,0.22021626052364238,NA
0.37326821520504594,0.18605817960919477,NA
0.8001566046344982,0.43642861709632635,NA
1.0110668215215846,0.5709396099116492,NA
1.087187983121022,0.05517357722198199,NA
0.27311525223248,0.7997521556649417,NA
0.13974254937482164,1.0283092839944106,NA
0.2854427591661908,0.4102483760962102,NA
0.30954595391895207,0.371110820279734,NA
0.4410366818763781,0.6395366922110316,NA
1.0407283338639377,0.6817284452782439,NA
1.2597264720046921,0.9260136459967724,NA
0.592692771604004,1.2604837934965285,NA
0.6553179287049615,1.2033116388354932,NA
0.5756917448708428,0.8136183852414045,NA
0.28117500413042945,0.7441647623395785,NA
0.2718574369150848,0.9377955937543451,NA
0.636686695445419,0.7106856694342938,NA
0.833607897237357,1.4206207206919266,NA
1.1016057370552081,1.1655408347113754,NA
1.2115842709921942,0.8501435567254128,NA
0.9316919909878841,1.1499088873641676,NA
0.974346776324717,1.2073167075360423,NA
0.09233543991098511,0.27477541417464946,NA
0.7256445079717289,0.07918219333826218,NA
0.9609596531496406,0.4087694662630159,NA
1.240880452451327,0.03861072863149614,NA
1.062292874798343,0.14881563772201703,NA
1.0280357105191604,0.33070296824780593,NA
1.1269985116127068,0.07775583449238338,NA
1.4558290254873671,0.26657181787745604,NA
0.82907458612989815,0.13169841417987813,NA
0.8159358930410695,0.7103836677427998,NA
0.9174247494282262,0.4713267628326219,NA
1.6330834410558701,0.15099142723482775,1.147018884175529
1.6738626284704627,0.11376859854756627,1.1678789433108563
1.7270284867548444,0.17571869884589994,1.1661050475114267
0.9495492199540004,0.025584200301479006,NA
1.3675786635249525,0.33495287277197144,0.9449228153550978
1.236725149658613,0.3082785437426969,0.44026003990153906
1.6210730322238738,0.020663324443513067,NA
1.7636450496052112,0.2707959574628601,1.3101506099712004
1.651592409879342,0.11710427494319987,NA
1.7920174154057105,0.06457008468378446,NA
1.5778456947003026,0.09349876742773078,NA
1.6098192910481548,0.19498427586266892,NA
1.7485501158938839,0.37433506049100285,NA
1.2791778376030825,0.27218131414429136,NA
0.23979232154814112,0.6451781317607314,NA
0.18576775102412152,0.28359599714049427,NA
0.8118623592877642,0.6533629762317844,NA
0.5572888813659735,0.3568163865640982,NA
0.8793271133229403,0.17881050998501136,NA
0.9797242214524284,0.2544061246043104,NA
1.2638661224321646,0.09212787637122574,NA
0.8080745537308147,0.05989779924614653,NA
0.8707653652526228,0.05080438398657942,NA
1.205958885712546,0.3347095792476525,NA
1.3136671266391848,0.5286428035173537,NA
1.9330314849054637,0.1749597042222772,NA
2.1952697331470428,0.4133645797781143,0.016648836018132468
0.6561754525134131,0.7070245442171854,0.02461625220795145
0.6561754525134131,0.7070245442171854,0.02461625220795145
0.4996769682335953,0.9474069394688879,0.28097741055101705
0.32439896454537337,1.0852785312091109,0.2901776163420125
0.04510004441193026,1.384251677108028,0.3294378867043563
0.2630997485330006,1.4331512433230424,0.25063076949644414
0.13984889829277983,1.3086137171377394,0.2385809219630711
0.2966685702767182,1.5762611454350288,0.21852671650636446
0.6340494568991978,2.1410374738111866,0.3408363850966422
0.61543817170896,1.9836462529945003,0.3417814325450035
0.5315325925924068,1.983274434587722,0.33899438022767303
0.5663268323412438,2.071181028674928,0.32199572217148026
0.48229240734192963,2.0747937310371714,0.36834003463114473
0.3776719747182169,2.176279592301125,0.3666966548047454
0.870436825721788,2.6047664271569113,0.3909625506251666
1.2317697887907353,2.3631724550723083,0.3478577125793694
0.9162290535528981,1.979852578966875,0.40289846902902393
0.6492143729941197,2.1470350646444247,1.600946979082714
0.7189862049281225,2.071399337004052,NA
0.8752576036353545,1.2699876199345315,0.05615682745465509
0.13459107213860702,1.561425170143456,0.05072398534108677
0.6058660007355476,0.9110597339398582,0.02945279109235394
0.6399954147098197,1.0937375381937187,0.0196183868054741
0.849734307084034,0.8669715864746448,0.018097622356039848
1.4281361675381459,0.15990774422475476,0.012971757058063691
0.9519172672820811,0.05884849840245516,0.06972615967949179
1.124711402719477,0.29072135768731233,0.05090906616701028
1.344197281089914,0.38106764475624316,NA
1.448855450138948,0.6922400493198849,NA
1.454897189419458,0.6719662439041674,NA
1.585781582452966,0.7323537542053047,NA
1.644109296493795,0.7678199265280412,NA
2.12182596006657,0.562597534408157,NA
1.3012642598928055,1.0250921084602387,NA
1.0264656660548563,0.6071156667043622,NA
1.3813942654605822,0.6385460511353207,NA
1.5084850602024824,0.8389763669041678,NA
0.9781438611526053,0.9378589101775541,NA
0.6848592913476376,0.7281504414233239,NA
0.4328474782760458,0.7874814776874048,NA
0.567403204106908,0.2083865271626618,0.134180614610215
0.18843298683646004,0.3275385537430379,1.2685031880563733
0.22855218454881462,0.4012330266251382,1.2637905023773908
0.0027772802869278066,0.4932069560072602,0.52256573805348006
0.4406950283876579,0.0571504766010668,1.274711931031783
0.03924348161001952,0.11003620620327229,1.2646956646716327
0.7159440467600813,0.280090274710911,1.3307435400790864
0.7350324852965112,0.14415850774480887,1.2799940152136144
0.25553981005997345,0.123590463208301,1.3004387687093206
0.08434215296247155,0.5111616898056488,1.2902809330505882
0.04232907808724229,0.8242047817262119,1.2978895221663875
0.2789189501233836,0.649198285370907,1.3140480279450073
0.24244465987565625,0.6116746407951014,1.2890108706281809
0.26316717493340896,1.6029898242805103,1.2782859315287045
0.5137676213207375,1.54540669787725,1.358891008607809
0.5992717778665323,1.4765461096541053,1.4012180030121633
1.1587863538502594,1.1249077611797174,1.6006626650382292
0.8078942543416644,0.6361463381119662,0.8618856664944554
0.6692424663001595,0.6015096209454681,0.842884503892022
0.02163153418958757,0.1024188836464214,0.5613652497777808
0.22411208629774404,0.9632459575606226,1.1649875255236277
0.4351980037712622,1.4028383891015286,1.2227232627453934
0.38682518694195384,1.5159135586225934,0.9850183104893898
0.3426406280935905,1.4802881554396776,1.0033741499784166
0.3426406280935905,1.4802881554396776,1.0033741499784166
0.21994919799485044,0.40309360873132977,0.9995639969499022
0.12279355738642193,0.5893098163373155,0.9928999418170645
0.03708229015575673,0.7085166092450679,1.0015024155128929
0.03708229015575673,0.7085166092450679,1.0015024155128929
0.4768259529149086,0.26593935706013977,1.071370632772102
0.4145206235715662,0.01802290564457776,1.1547087263664537
0.38272211751179797,0.21543103954491163,1.1736333484600556
0.009060005529645592,0.6931284179641053,1.2058473599286021
1.0361075141805707,0.5353663247649734,NA
0.7488888262419277,0.11218526620373097,NA
0.4949760687926622,0.027160281204143436,NA
0.5990208600578802,0.14544789090897223,1.0413444389472233
0.5135958942958659,0.08679161652857581,1.1193902926733745
0.7046464134649925,0.27636999568375814,1.140296514743545
1.0770658379695934,0.3759804891350645,NA
1.317553052241607,0.8962528961777478,1.0630421768910236
1.7157362562724114,0.3805063918867118,NA
1.6396611332783126,0.5475588501471979,NA
1.324010674921879,0.11550618633014587,0.05090219916701123
0.872342959208626,0.9437657962943504,0.10114798717573016
0.5424197547708987,1.4556985060966194,0.03080098609991853
0.8243466936904216,1.7929532667299137,0.11588712464362398
0.8992628265612232,2.1004003298240423,0.13555430261326584
0.4229395405595691,2.043883646041456,0.10264435765632715
1.1528995817289303,2.4417682041449966,0.2589282807538471
1.3211990188569673,3.0417677423884872,0.3047714786067544
0.4848271219847286,1.8385291564198987,0.042790086942931245
0.18433707896671891,2.347042076459268,0.08491902291485415
0.565295078283594,1.869845066936001,0.13946030443163898
0.7659627064901509,1.0653431896086771,0.21363160323377456
1.4175374143671895,0.90592495582758,0.31111319162622353
0.804107893367228,1.1131634606461596,0.19975081650156834
0.900807149583689,1.3260415093972204,0.1786779999494724
0.2556394291841154,1.1477450261599917,0.494512837795426
0.31438555744121816,1.0694879791947978,0.6447009266654393
0.0622564696645553,0.9757459036697758,0.5221422005456969
0.11183596543466548,1.1311319757779255,0.5961571521152139
0.1312736123958786,0.8226005657187901,0.5489495010229772
0.1312736123958786,0.8226005657187901,0.5489495010229772
1.6038994619534959,0.0797492879017789,0.28900822889364125
1.263700408527777,0.34920605763335844,0.25329969129637925
1.2904359452239254,0.35850262974525277,0.21258740704859422
1.3723917792470215,1.205915881711668,1.2136141191955074
1.4794150651838338,1.1993534178142693,1.220046711346895
1.5506284567700552,0.6908339394093435,0.9651499378542556
1.3914793028231216,0.7168396352551061,2.1880205842695974
1.0726684743094033,1.2980611754489546,0.8621090401633694
0.47006599408988725,0.5720554886562518,0.8135106404863265
0.8753160438300281,0.6938928682436631,1.3087537855117535
0.9072522826707589,0.7541421457399788,1.2934454909445874
1.0672999567874026,0.6944726563918681,0.4009917778495456
1.2803509630524763,0.4681058332032368,0.48334986152057974
0.663632143767297,0.2238000177801934,0.29336889964978397
0.7242670558015265,0.007971679646276571,0.09982536808549286
0.826915148022442,0.35342911436312474,0.9887486395578559
0.41975942850132164,0.47382773500207914,0.16959451860327882
0.5679474815038655,0.3682806118048003,0.1167935739060376
0.12407870552980521,0.30746067218195217,0.29384063909636093
0.293333888898989,0.288405704593239,0.23006530777213266
0.16888928131424338,0.5689695908966463,0.32399187554018644
0.5708075492041297,0.48020081608869786,0.7885711816836193
0.5708075492041297,0.48020081608869786,0.7885711816836193
