Marker,Intercept,Nigra,Nig_P_adj,CHR,BP
Chr01_1_126237,0.606779897663416,0.109623474939513,0.7285393438688468,1,1
Chr01_126238_809425,0.606779897663416,0.109623474939513,0.7285393438688468,1,126238
Chr01_809426_814269,0.515283333538442,0.0671300817748692,0.7153557409871774,1,809426
Chr01_814270_1367747,0.427447802390593,0.0840971057858842,0.7153557409871774,1,814270
Chr01_1367748_1367899,0.349342312289924,0.115157539243225,0.7316886277501488,1,1367748
Chr01_1367900_2042574,0.481527671764047,0.0995060760122934,0.7153557409871774,1,1367900
Chr01_2042575_2043251,0.667957702383055,0.14122343280188,0.7691553119375167,1,2042575
Chr01_2043252_2231677,0.651014652732266,0.267667399456188,0.8637813860354697,1,2043252
Chr01_2231678_2231705,0.728880668140443,0.0662546313350979,0.7153557409871774,1,2231678
Chr01_2231706_3033846,0.657610142484477,0.0825971456610996,0.7153557409871774,1,2231706
Chr01_3033847_3052413,0.729485007388685,0.0634700140357842,0.7153557409871774,1,3033847
Chr01_3052414_4229970,0.438301507935238,0.0110882573674647,0.7153557409871774,1,3052414
Chr01_4229971_4235626,0.477579451856081,0.0172308831427561,0.7153557409871774,1,4229971
Chr01_4235627_5264100,0.464796704116057,0.0232787305570469,0.7153557409871774,1,4235627
Chr01_5264101_5264149,0.57531552915756,0.0477107790887063,0.7153557409871774,1,5264101
Chr01_5264150_5885231,0.645490471567306,0.0468682628416634,0.7153557409871774,1,5264150
Chr01_5885232_5886075,0.518841994190532,0.0777550732245476,0.7153557409871774,1,5885232
Chr01_5886076_6253003,0.753139803888836,0.307301115444525,0.9052352314254781,1,5886076
Chr01_6253004_6253851,0.860139222587808,0.615470384096753,0.9875121984149652,1,6253004
Chr01_6253852_6811196,0.886758346688749,0.607067179330795,0.9875121984149652,1,6253852
Chr01_6811197_6811650,0.846754882141098,0.43840963412829,0.9757163252576129,1,6811197
Chr01_6811651_7107385,0.825382089362933,0.569743321533279,0.9875121984149652,1,6811651
Chr01_7107386_7117068,0.843378735934629,0.671511374373025,0.9875121984149652,1,7107386
Chr01_7117069_8021093,0.834340478882831,0.59343286968918,0.9875121984149652,1,7117069
Chr01_8021094_8021338,0.636394274804225,0.451166257977012,0.9762109503891548,1,8021094
Chr01_8021339_8546533,0.63959446364318,0.605186805007762,0.9875121984149652,1,8021339
Chr01_8546534_8548055,0.565635080682755,0.585876777375183,0.9875121984149652,1,8546534
Chr01_8548056_9439189,0.639117371080044,0.466174623922153,0.9801018949147229,1,8548056
Chr01_9439190_9439923,0.517593463617873,0.178712596094973,0.7870075613494468,1,9439190
Chr01_9439924_10127710,0.787909837368307,0.248444447605314,0.8585111785172648,1,9439924
Chr01_10127711_10127775,0.990498561803306,0.240281387853185,0.8585111785172648,1,10127711
Chr01_10127776_10700451,0.882903836204205,0.0996531312889427,0.7153557409871774,1,10127776
Chr01_10700452_10700489,0.682591402284406,0.186920937984022,0.7870075613494468,1,10700452
Chr01_10700490_11189458,0.9849643101559,0.300382514899522,0.9052352314254781,1,10700490
Chr01_11189459_11289027,0.967429826368499,0.476499443820108,0.9801018949147229,1,11189459
Chr01_11289028_11965532,0.871166770946019,0.663675972364478,0.9875121984149652,1,11289028
Chr01_11965533_11966198,0.761245722892083,0.484290305701955,0.981739191502833,1,11965533
Chr01_11966199_12330339,0.801631120089301,0.641085947473745,0.9875121984149652,1,11966199
Chr01_12330340_12330527,0.676015293637213,0.634962061021544,0.9875121984149652,1,12330340
Chr01_12330528_13051606,0.726517724579913,0.682767426802703,0.9875121984149652,1,12330528
Chr01_13051607_13052006,0.852008990286952,0.784749672269546,0.9900761691252338,1,13051607
Chr01_13052007_13382483,0.912029473978732,0.751164345680732,0.9875121984149652,1,13052007
Chr01_13382484_13382509,0.862001961278172,0.704909125918464,0.9875121984149652,1,13382484
Chr01_13382510_13576339,0.765442308444957,0.764286616601593,0.9897931882505151,1,13382510
Chr01_13576340_13576350,0.683697112750507,0.780742373701279,0.9900761691252338,1,13576340
Chr01_13576351_14061355,0.71714513747377,0.742997794964819,0.9875121984149652,1,13576351
Chr01_14061356_14061634,0.778760300688186,0.53108940123214,0.9875121984149652,1,14061356
Chr01_14061635_14604721,0.90499169579522,0.631685461748862,0.9875121984149652,1,14061635
Chr01_14604722_14607157,0.834984216609417,0.593311603150794,0.9875121984149652,1,14604722
Chr01_14607158_15449572,0.82522298758013,0.382350156372061,0.9306322266828022,1,14607158
Chr01_15449573_15456448,0.670835175065658,0.139001875223477,0.7691553119375167,1,15449573
Chr01_15456449_16406535,0.985753698489739,0.0853320506057526,0.7153557409871774,1,15456449
Chr01_16406536_16454790,0.739906573130554,0.105280387567398,0.7248441072086323,1,16406536
Chr01_16454791_19216253,0.833030065668303,0.0899411877115436,0.7153557409871774,1,16454791
Chr01_19216254_19216663,0.808107967655511,0.123037352174994,0.7691553119375167,1,19216254
Chr01_19216664_20661429,0.97951492415164,0.104545819154827,0.7248441072086323,1,19216664
Chr01_20661430_20662913,0.931944275924204,0.094770048188426,0.7153557409871774,1,20661430
Chr01_20662914_21251875,0.98728420324804,0.137000623685765,0.7691553119375167,1,20662914
Chr01_21251876_21488109,0.713915584088993,0.0907486886991436,0.7153557409871774,1,21251876
Chr01_21488110_22523058,0.601402647518048,0.0725879548983959,0.7153557409871774,1,21488110
Chr01_22523059_22523376,0.90461464895154,0.0643640662566558,0.7153557409871774,1,22523059
Chr01_22523377_25610270,0.690544597521111,0.0911162081231653,0.7153557409871774,1,22523377
Chr01_25610271_25623774,0.706653451192835,0.0954906873188488,0.7153557409871774,1,25610271
Chr01_25623775_25991881,0.930868217671099,0.101659750025346,0.7153557409871774,1,25623775
Chr01_25991882_26001088,0.760063818253962,0.0811349050830648,0.7153557409871774,1,25991882
Chr01_26001089_26286066,0.790278150065288,0.0721844663214586,0.7153557409871774,1,26001089
Chr01_26286067_26293474,0.737402508544847,0.0663559285356858,0.7153557409871774,1,26286067
Chr01_26293475_26583692,0.952352598781668,0.101049484004309,0.7153557409871774,1,26293475
Chr01_26583693_26647317,0.687244906990694,0.0577297119949416,0.7153557409871774,1,26583693
Chr01_26647318_27308826,0.587486364868198,0.0553950401989494,0.7153557409871774,1,26647318
Chr01_27308827_27314420,0.655956501620602,0.0488073216705061,0.7153557409871774,1,27308827
Chr01_27314421_27701084,0.937706406311053,0.0555208735424811,0.7153557409871774,1,27314421
Chr01_27701085_27712150,0.901270632339491,0.0905679850528408,0.7153557409871774,1,27701085
Chr01_27712151_27987745,0.872435548598466,0.143879211329163,0.7691553119375167,1,27712151
Chr01_27987746_27996902,0.89522197902681,0.124985362882547,0.7691553119375167,1,27987746
Chr01_27996903_28327995,0.919523690539991,0.129554340335326,0.7691553119375167,1,27996903
Chr01_28327996_28328780,0.828205294276522,0.22384706926218,0.827767774839401,1,28327996
Chr01_28328781_28712697,0.977360529899429,0.285150305385199,0.9004496979407312,1,28328781
Chr01_28712698_28712702,0.949924590322342,0.418719987272763,0.9543811582300284,1,28712698
Chr01_28712703_29260469,0.777987598135404,0.472614200104827,0.9801018949147229,1,28712703
Chr01_29260470_29264772,0.836726889383599,0.430250326641364,0.9696039190586818,1,29260470
Chr01_29264773_29827856,0.88883524728146,0.606218294876807,0.9875121984149652,1,29264773
Chr01_29827857_29864780,0.726758603679885,0.607267219429883,0.9875121984149652,1,29827857
Chr01_29864781_30461232,0.711042282598552,0.441738710797766,0.9762109503891548,1,29864781
Chr01_30461233_30463952,0.425924959037275,0.620682689366189,0.9875121984149652,1,30461233
Chr01_30463953_31287140,0.575783203573316,0.749819401185839,0.9875121984149652,1,30463953
Chr01_31287141_31299042,0.841795727347501,0.523790242534271,0.9875121984149652,1,31287141
Chr01_31299043_32249075,0.934796559528108,0.591036187427516,0.9875121984149652,1,31299043
Chr01_32249076_32254238,0.832449298264839,0.590685030514385,0.9875121984149652,1,32249076
Chr01_32254239_32925441,0.846935908791139,0.647524987161229,0.9875121984149652,1,32254239
Chr01_32925442_32925676,0.88245940692604,0.673660970929473,0.9875121984149652,1,32925442
Chr01_32925677_33648211,0.802067667746648,0.870033606974391,0.99127684150085,1,32925677
Chr01_33648212_33648861,0.827678983417754,0.846312017933627,0.99127684150085,1,33648212
Chr01_33648862_33944256,0.807144417940877,0.87447868965174,0.99127684150085,1,33648862
Chr01_33944257_33944395,0.755443961963918,0.706803047123478,0.9875121984149652,1,33944257
Chr01_33944396_34707623,0.687819229644521,0.639978774482868,0.9875121984149652,1,33944396
Chr01_34707624_34711948,0.966346837613004,0.759254339447232,0.9875121984149652,1,34707624
Chr01_34711949_35098398,0.966183879232499,0.679629284468041,0.9875121984149652,1,34711949
Chr01_35098399_35197978,0.7505123761404,0.639084528710888,0.9875121984149652,1,35098399
Chr01_35197979_35842906,0.692517393830124,0.334434623269427,0.9143534045424097,1,35197979
Chr01_35842907_35842941,0.628522864847427,0.39098922752466,0.9306322266828022,1,35842907
Chr01_35842942_36467175,0.990013661420842,0.553250738012914,0.9875121984149652,1,35842942
Chr01_36467176_36477457,0.982006174577305,0.510421040170253,0.9875121984149652,1,36467176
Chr01_36477458_36677915,0.853695194768077,0.635805261107747,0.9875121984149652,1,36477458
Chr01_36677916_36678639,0.992281424949372,0.571195257469636,0.9875121984149652,1,36677916
Chr01_36678640_37008510,0.985947668222727,0.537057276542601,0.9875121984149652,1,36678640
Chr01_37008511_37008685,0.921441654633957,0.748455869375704,0.9875121984149652,1,37008511
Chr01_37008686_37399402,0.930756259191469,0.705833720648046,0.9875121984149652,1,37008686
Chr01_37399403_37399747,0.933688255117926,0.463768958120326,0.9801018949147229,1,37399403
Chr01_37399748_38492440,0.947974050602736,0.569430242720426,0.9875121984149652,1,37399748
Chr01_38492441_38553272,0.92931330248294,0.324823195326203,0.9080165784381886,1,38492441
Chr01_38553273_41248221,0.841205625388887,0.266212171173337,0.8637813860354697,1,38553273
Chr01_41248222_41249634,0.815023558641246,0.949523373373665,0.9920769542239611,1,41248222
Chr01_41249635_41946984,0.543560037968087,0.789371073189711,0.9900761691252338,1,41249635
Chr01_41946985_41946999,0.54815628740783,0.756727080491212,0.9875121984149652,1,41946985
Chr01_41947000_42826924,0.824534367210659,0.269718081252661,0.8637813860354697,1,41947000
Chr01_42826925_42828044,0.421746817867486,0.168461544833762,0.7870075613494468,1,42826925
Chr01_42828045_44953517,0.461820799853117,0.0500329112885866,0.7153557409871774,1,42828045
Chr01_44953518_50495391,0.461820799853117,0.0500329112885866,0.7153557409871774,1,44953518
Chr02_1_4524,0.977045501024698,0.658653920745155,0.9875121984149652,2,1
Chr02_4525_349303,0.977045501024698,0.658653920745155,0.9875121984149652,2,4525
Chr02_349304_361275,0.86292322027617,0.531306523471294,0.9875121984149652,2,349304
Chr02_361276_876244,0.886663304788043,0.544573287771568,0.9875121984149652,2,361276
Chr02_876245_880558,0.704833163690548,0.262010136695046,0.8637813860354697,2,876245
Chr02_880559_1380844,0.87167280224192,0.199835775765847,0.7870075613494468,2,880559
Chr02_1380845_1380870,0.967367460687744,0.171985238325677,0.7870075613494468,2,1380845
Chr02_1380871_1588241,0.97218104077345,0.0794305053426805,0.7153557409871774,2,1380871
Chr02_1588242_1591077,0.864840882272676,0.0795396969121097,0.7153557409871774,2,1588242
Chr02_1591078_2117143,0.75494523781895,0.0489652474577501,0.7153557409871774,2,1591078
Chr02_2117144_2118662,0.881744239831642,0.0604020888046239,0.7153557409871774,2,2117144
Chr02_2118663_2439301,0.893402158912214,0.0776475933788219,0.7153557409871774,2,2118663
Chr02_2439302_2439318,0.819845320288868,0.134977541028278,0.7691553119375167,2,2439302
Chr02_2439319_3802076,0.952511781297207,0.164044601963519,0.782920772357818,2,2439319
Chr02_3802077_3811171,0.742496193607393,0.0893492890616,0.7153557409871774,2,3802077
Chr02_3811172_4203782,0.851599042178591,0.251895048725393,0.8585111785172648,2,3811172
Chr02_4203783_4204963,0.916232971340659,0.494268242091503,0.9875046089385561,2,4203783
Chr02_4204964_5059530,0.823918531882841,0.669095515832164,0.9875121984149652,2,4204964
Chr02_5059531_5059566,0.819105983219803,0.899004317198573,0.99127684150085,2,5059531
Chr02_5059567_5396611,0.936429783156707,0.820644017921919,0.99127684150085,2,5059567
Chr02_5396612_5398283,0.880195136992467,0.701437473846392,0.9875121984149652,2,5396612
Chr02_5398284_5923170,0.972117577890062,0.568050791821064,0.9875121984149652,2,5398284
Chr02_5923171_5954021,0.639760605468317,0.908458314937313,0.99127684150085,2,5923171
Chr02_5954022_6493859,0.810813652001162,0.925567801273109,0.99127684150085,2,5954022
Chr02_6493860_6498865,0.662702701923894,0.978248264912483,0.9920769542239611,2,6493860
Chr02_6498866_6748647,0.882058686446869,0.597654699808113,0.9875121984149652,2,6498866
Chr02_6748648_6759682,0.722988378464068,0.390630171568531,0.9306322266828022,2,6748648
Chr02_6759683_7031301,0.822615527135367,0.558229416360682,0.9875121984149652,2,6759683
Chr02_7031302_7048371,0.90055548143536,0.62830194782577,0.9875121984149652,2,7031302
Chr02_7048372_7535720,0.915130727426664,0.59028880530911,0.9875121984149652,2,7048372
Chr02_7535721_7537775,0.566692021920429,0.509511835173018,0.9875121984149652,2,7535721
Chr02_7537776_7944758,0.624900422299179,0.564707961013694,0.9875121984149652,2,7537776
Chr02_7944759_7947379,0.430146187178966,0.840496395686626,0.99127684150085,2,7944759
Chr02_7947380_8614429,0.897778628005505,0.756940080144999,0.9875121984149652,2,7947380
Chr02_8614430_8625186,0.666350913758439,0.651157998331623,0.9875121984149652,2,8614430
Chr02_8625187_9195211,0.683100391193975,0.887816039664418,0.99127684150085,2,8625187
Chr02_9195212_9195222,0.941749727217394,0.897515885299703,0.99127684150085,2,9195212
Chr02_9195223_9912687,0.686363367767173,0.858861214637247,0.99127684150085,2,9195223
Chr02_9912688_9912975,0.598803898128838,0.69698546861727,0.9875121984149652,2,9912688
Chr02_9912976_10267833,0.917943513962055,0.484262415812455,0.981739191502833,2,9912976
Chr02_10267834_10267871,0.791755950146963,0.305517572690768,0.9052352314254781,2,10267834
Chr02_10267872_10413420,0.759585965311974,0.22911299300914,0.8336925258925741,2,10267872
Chr02_10413421_10413478,0.772002536764617,0.224771158307628,0.827767774839401,2,10413421
Chr02_10413479_11173441,0.991568150015256,0.333018007096766,0.9143534045424097,2,10413479
Chr02_11173442_11173501,0.829077152598564,0.341811582696083,0.918271177547566,2,11173442
Chr02_11173502_11801906,0.852245949709821,0.381517506798573,0.9306322266828022,2,11173502
Chr02_11801907_12265594,0.940698936043785,0.324523048768789,0.9080165784381886,2,11801907
Chr02_12265595_12817972,0.909366248714324,0.334912117341209,0.9143534045424097,2,12265595
Chr02_12817973_12824108,0.738106342030464,0.350661979483578,0.9303797338340903,2,12817973
Chr02_12824109_13491547,0.850617353301414,0.448488855592576,0.9762109503891548,2,12824109
Chr02_13491548_13517019,0.94575671695307,0.363093254391797,0.9306322266828022,2,13491548
Chr02_13517020_14119781,0.816025169407395,0.48410794566163,0.981739191502833,2,13517020
Chr02_14119782_14120038,0.911418163599122,0.543469441253477,0.9875121984149652,2,14119782
Chr02_14120039_14602012,0.959991515375789,0.353015395288239,0.9303797338340903,2,14120039
Chr02_14602013_14602277,0.99977951093872,0.475565638968458,0.9801018949147229,2,14602013
Chr02_14602278_15318678,0.773858365266924,0.5400569895584,0.9875121984149652,2,14602278
Chr02_15318679_15347678,0.83835436768084,0.364224538496699,0.9306322266828022,2,15318679
Chr02_15347679_15710186,0.972601743403888,0.60734933726765,0.9875121984149652,2,15347679
Chr02_15710187_15710672,0.922780830359155,0.430597351724075,0.9696039190586818,2,15710187
Chr02_15710673_16424164,0.7675297609041,0.150891693118353,0.7691553119375167,2,15710673
Chr02_16424165_16424173,0.744135645700464,0.148057911370446,0.7691553119375167,2,16424165
Chr02_16424174_19450199,0.889744014213272,0.228872298591396,0.8336925258925741,2,16424174
Chr02_19450200_19450542,0.765416430789952,0.307039127395806,0.9052352314254781,2,19450200
Chr02_19450543_21586712,0.737904984732117,0.319717643715323,0.9080165784381886,2,19450543
Chr02_21586713_21615015,0.702589598783095,0.301963147994024,0.9052352314254781,2,21586713
Chr02_21615016_22274911,0.926647726600619,0.286036267684412,0.9004496979407312,2,21615016
Chr02_22274912_22275977,0.658966777626794,0.141929969793594,0.7691553119375167,2,22274912
Chr02_22275978_23006865,0.685631359176897,0.162323644758681,0.782920772357818,2,22275978
Chr02_23006866_23006973,0.677706839132631,0.164872875513485,0.782920772357818,2,23006866
Chr02_23006974_23411993,0.983138586919936,0.125620475982257,0.7691553119375167,2,23006974
Chr02_23411994_23412006,0.892479087548445,0.221480686518938,0.8247354747028159,2,23411994
Chr02_23412007_23945659,0.991858698201639,0.251909697087361,0.8585111785172648,2,23412007
Chr02_23945660_23950242,0.959541533916947,0.260406401125519,0.8637813860354697,2,23945660
Chr02_23950243_24283667,0.895490312142822,0.510323062062508,0.9875121984149652,2,23950243
Chr02_24283668_24284547,0.923801070579837,0.708440366908747,0.9875121984149652,2,24283668
Chr02_24284548_24771958,0.911844545855206,0.809599664179674,0.99127684150085,2,24284548
Chr02_24771959_24772778,0.8070575944306,0.850349691042541,0.99127684150085,2,24771959
Chr02_24772779_25141874,0.683710103262543,0.684550230570423,0.9875121984149652,2,24772779
Chr02_25141875_25263035,0.683710103262543,0.684550230570423,0.9875121984149652,2,25141875
Chr03_1_106416,0.879732868329338,0.0919745200452803,0.7153557409871774,3,1
Chr03_106417_526428,0.879732868329338,0.0919745200452803,0.7153557409871774,3,106417
Chr03_526429_537201,0.748605003813944,0.175635141923998,0.7870075613494468,3,526429
Chr03_537202_1923686,0.885781265370576,0.138689943765173,0.7691553119375167,3,537202
Chr03_1923687_1923687,0.735265332397287,0.107711080056005,0.7285393438688468,3,1923687
Chr03_1923688_2743575,0.757880442239631,0.304696219018178,0.9052352314254781,3,1923688
Chr03_2743576_2744190,0.955884700904461,0.30235795314089,0.9052352314254781,3,2743576
Chr03_2744191_3884923,0.82557642276969,0.257366070441521,0.8605867151122697,3,2744191
Chr03_3884924_3893054,0.757438283020241,0.35922954995804,0.9306322266828022,3,3884924
Chr03_3893055_4059970,0.951342760336632,0.55158182005927,0.9875121984149652,3,3893055
Chr03_4059971_4075833,0.842982462647159,0.374409537651828,0.9306322266828022,3,4059971
Chr03_4075834_5903046,0.844708945143925,0.359907583408883,0.9306322266828022,3,4075834
Chr03_5903047_5903373,0.826836166473817,0.376699921489705,0.9306322266828022,3,5903047
Chr03_5903374_7969157,0.848577397235256,0.370723563419758,0.9306322266828022,3,5903374
Chr03_7969158_8274732,0.500322004054832,0.291243797508137,0.9052352314254781,3,7969158
Chr03_8274733_9254843,0.700574981117718,0.512133598181862,0.9875121984149652,3,8274733
Chr03_9254844_9254878,0.615165664448526,0.794995186712378,0.99127684150085,3,9254844
Chr03_9254879_10127794,0.870228704840133,0.706701200362475,0.9875121984149652,3,9254879
Chr03_10127795_10139932,0.916614008824289,0.955431353493936,0.9920769542239611,3,10127795
Chr03_10139933_10720024,0.96943815107205,0.998289252035995,0.999136345872775,3,10139933
Chr03_10720025_10726457,0.937700694862463,0.846488319536002,0.99127684150085,3,10720025
Chr03_10726458_10961187,0.95019255389414,0.948231271792263,0.9920769542239611,3,10726458
Chr03_10961188_10961225,0.890837498713635,0.756478978475947,0.9875121984149652,3,10961188
Chr03_10961226_11253789,0.90510579305591,0.68466548080207,0.9875121984149652,3,10961226
Chr03_11253790_11253893,0.818161337180348,0.47046828332518,0.9801018949147229,3,11253790
Chr03_11253894_11536633,0.722105452903991,0.323959575025159,0.9080165784381886,3,11253894
Chr03_11536634_11536648,0.440783259764857,0.272025493791146,0.8637813860354697,3,11536634
Chr03_11536649_12459385,0.894284328739335,0.189076451953296,0.7870075613494468,3,11536649
Chr03_12459386_12462540,0.750764352349985,0.379370520435257,0.9306322266828022,3,12459386
Chr03_12462541_13066986,0.98166784103441,0.613369759498597,0.9875121984149652,3,12462541
Chr03_13066987_13068914,0.865039620263538,0.9041567554061,0.99127684150085,3,13066987
Chr03_13068915_13625984,0.842462560053217,0.768432217764526,0.9897931882505151,3,13068915
Chr03_13625985_13626006,0.760671581888757,0.688344294962708,0.9875121984149652,3,13625985
Chr03_13626007_14147424,0.813473159532953,0.402356279788506,0.9315869873717958,3,13626007
Chr03_14147425_14147618,0.96075243922405,0.264703787830509,0.8637813860354697,3,14147425
Chr03_14147619_14500824,0.875610782347584,0.310525373546513,0.9052352314254781,3,14147619
Chr03_14500825_14501741,0.641118266182648,0.321926139762173,0.9080165784381886,3,14500825
Chr03_14501742_14890630,0.926138662156759,0.19016884184785,0.7870075613494468,3,14501742
Chr03_14890631_14891342,0.958929099998586,0.15144424129965,0.7691553119375167,3,14890631
Chr03_14891343_15371439,0.986114494639905,0.156277680175686,0.7776515103480894,3,14891343
Chr03_15371440_15406238,0.916567228169685,0.215782268733102,0.8130064219589709,3,15371440
Chr03_15406239_15899985,0.832162565340887,0.173819453767938,0.7870075613494468,3,15406239
Chr03_15899986_15902720,0.752397601605326,0.190490454444964,0.7870075613494468,3,15899986
Chr03_15902721_16188167,0.974147697355521,0.225427480210434,0.827767774839401,3,15902721
Chr03_16188168_16189364,0.9522543115628,0.207299107591553,0.7978861732620369,3,16188168
Chr03_16189365_16494570,0.968069757146932,0.272583049720702,0.8637813860354697,3,16189365
Chr03_16494571_16498778,0.868336601549499,0.492390978721371,0.9874441799090145,3,16494571
Chr03_16498779_16962746,0.949880837592344,0.547051146784607,0.9875121984149652,3,16498779
Chr03_16962747_16963027,0.978163069746854,0.499088956808314,0.9875121984149652,3,16962747
Chr03_16963028_17401125,0.946306995050597,0.715586260309851,0.9875121984149652,3,16963028
Chr03_17401126_17402555,0.854581489306712,0.868813841114656,0.99127684150085,3,17401126
Chr03_17402556_18052868,0.847867169486271,0.729022317330985,0.9875121984149652,3,17402556
Chr03_18052869_18156486,0.907774016753529,0.853001905890569,0.99127684150085,3,18052869
Chr03_18156487_19255904,0.994123436207657,0.974842474482757,0.9920769542239611,3,18156487
Chr03_19255905_19255931,0.727961885740317,0.705999513395012,0.9875121984149652,3,19255905
Chr03_19255932_20053666,0.698426760007481,0.849944119884456,0.99127684150085,3,19255932
Chr03_20053667_21816808,0.698426760007481,0.849944119884456,0.99127684150085,3,20053667
Chr04_1_60379,0.880445428243016,0.536636851485392,0.9875121984149652,4,1
Chr04_60380_871979,0.880445428243016,0.536636851485392,0.9875121984149652,4,60380
Chr04_871980_872101,0.620917078089405,0.725469576445011,0.9875121984149652,4,871980
Chr04_872102_1430273,0.566889432082371,0.787377549684538,0.9900761691252338,4,872102
Chr04_1430274_1430677,0.799666863101539,0.675572298017675,0.9875121984149652,4,1430274
Chr04_1430678_2488919,0.828117021071479,0.962846481883112,0.9920769542239611,4,1430678
Chr04_2488920_2489076,0.810681694786633,0.983908462299941,0.9958230723849315,4,2488920
Chr04_2489077_3015345,0.581983249614874,0.901805378855215,0.99127684150085,4,2489077
Chr04_3015346_3039820,0.630849953774639,0.893910537988448,0.99127684150085,4,3015346
Chr04_3039821_3679193,0.905131666964917,0.911808163953871,0.99127684150085,4,3039821
Chr04_3679194_3679320,0.833540127188333,0.98749853259488,0.9958230723849315,4,3679194
Chr04_3679321_4621560,0.952198048359303,0.940237964373022,0.9920769542239611,4,3679321
Chr04_4621561_4621766,0.821341334697197,0.909218571758602,0.99127684150085,4,4621561
Chr04_4621767_5680104,0.810987465608153,0.810634667340296,0.99127684150085,4,4621767
Chr04_5680105_5693816,0.882274698675733,0.474676450946073,0.9801018949147229,4,5680105
Chr04_5693817_6604155,0.956640501690398,0.658613161226342,0.9875121984149652,4,5693817
Chr04_6604156_6604164,0.722704262563521,0.665597334165541,0.9875121984149652,4,6604156
Chr04_6604165_7681461,0.763329067577538,0.379733257279321,0.9306322266828022,4,6604165
Chr04_7681462_7681481,0.673726876092636,0.214677345430883,0.8130064219589709,4,7681462
Chr04_7681482_8792851,0.399272366250885,0.173770846300862,0.7870075613494468,4,7681482
Chr04_8792852_8792885,0.34950741326083,0.133340521369608,0.7691553119375167,4,8792852
Chr04_8792886_9239982,0.806202470040494,0.299791510724558,0.9052352314254781,4,8792886
Chr04_9239983_9243613,0.923844431045439,0.316958593438764,0.9080165784381886,4,9239983
Chr04_9243614_11301819,0.725154637549259,0.398533151910457,0.9306322266828022,4,9243614
Chr04_11301820_11302602,0.732886917410274,0.444637990684237,0.9762109503891548,4,11301820
Chr04_11302603_15406848,0.958696743071778,0.502233587707529,0.9875121984149652,4,11302603
Chr04_15406849_15406991,0.820852151433326,0.632361006527997,0.9875121984149652,4,15406849
Chr04_15406992_16569062,0.870639546186554,0.723969868497061,0.9875121984149652,4,15406992
Chr04_16569063_16569692,0.9291770536541,0.598037420938455,0.9875121984149652,4,16569063
Chr04_16569693_17499042,0.884450256855157,0.759466016753829,0.9875121984149652,4,16569693
Chr04_17499043_17500484,0.970307702177221,0.836989411551883,0.99127684150085,4,17499043
Chr04_17500485_18088853,0.965649822079397,0.963406985059444,0.9920769542239611,4,17500485
Chr04_18088854_18090354,0.869302926881278,0.653679296914786,0.9875121984149652,4,18088854
Chr04_18090355_18758035,0.952397759628055,0.591557293831139,0.9875121984149652,4,18090355
Chr04_18758036_18759258,0.873949111017121,0.381229342547543,0.9306322266828022,4,18758036
Chr04_18759259_19314881,0.846714407603784,0.187790518468747,0.7870075613494468,4,18759259
Chr04_19314882_19315212,0.952802313926135,0.151516714308074,0.7691553119375167,4,19314882
Chr04_19315213_19574666,0.899294494959089,0.0848897969946134,0.7153557409871774,4,19315213
Chr04_19574667_19576084,0.962407983390593,0.202535233285248,0.791127421444826,4,19574667
Chr04_19576085_20375262,0.941584466743685,0.207713971973791,0.7978861732620369,4,19576085
Chr04_20375263_20379610,0.623001780202827,0.110586288222356,0.7298695022675495,4,20375263
Chr04_20379611_20827096,0.72361885780412,0.253670132050318,0.8592586013520744,4,20379611
Chr04_20827097_20828255,0.835261780751935,0.177590585258754,0.7870075613494468,4,20827097
Chr04_20828256_21207018,0.993668674757287,0.179560528751905,0.7870075613494468,4,20828256
Chr04_21207019_21217226,0.950985157224475,0.17412683027986,0.7870075613494468,4,21207019
Chr04_21217227_21635086,0.855648463070686,0.119691406058483,0.7535833920918963,4,21217227
Chr04_21635087_21635139,0.711286550020217,0.128717479675763,0.7691553119375167,4,21635087
Chr04_21635140_22329114,0.729527264409951,0.130121537874079,0.7691553119375167,4,21635140
Chr04_22329115_22346222,0.691689680502341,0.0492393926592847,0.7153557409871774,4,22329115
Chr04_22346223_23215322,0.749499162329056,0.0673856604791321,0.7153557409871774,4,22346223
Chr04_23215323_23215469,0.882911352617154,0.0975575104321186,0.7153557409871774,4,23215323
Chr04_23215470_23353865,0.710853608640066,0.08557200041312,0.7153557409871774,4,23215470
Chr04_23353866_23365679,0.964677484749021,0.0380962976669087,0.7153557409871774,4,23353866
Chr04_23365680_24212987,0.970072937809934,0.036048975107861,0.7153557409871774,4,23365680
Chr04_24212988_24267051,0.970072937809934,0.036048975107861,0.7153557409871774,4,24212988
Chr05_1_2455,0.820329381484228,0.941635266901333,0.9920769542239611,5,1
Chr05_2456_233879,0.820329381484228,0.941635266901333,0.9920769542239611,5,2456
Chr05_233880_233961,0.946086135732986,0.815287090811569,0.99127684150085,5,233880
Chr05_233962_298267,0.946086135732986,0.815287090811569,0.99127684150085,5,233962
Chr05_298268_299973,0.946086135732986,0.815287090811569,0.99127684150085,5,298268
Chr05_299974_977551,0.727529100639382,0.845766958387828,0.99127684150085,5,299974
Chr05_977552_977727,0.658711246157945,0.818638408504416,0.99127684150085,5,977552
Chr05_977728_1700771,0.733263038774481,0.898332268202942,0.99127684150085,5,977728
Chr05_1700772_1701064,0.845835330073612,0.695939082091724,0.9875121984149652,5,1700772
Chr05_1701065_2022055,0.847097200152988,0.593318320594267,0.9875121984149652,5,1701065
Chr05_2022056_2023093,0.833932149670694,0.698269440411414,0.9875121984149652,5,2022056
Chr05_2023094_2828367,0.731588942421705,0.638332393001301,0.9875121984149652,5,2023094
Chr05_2828368_2831066,0.732834309256533,0.646687266737022,0.9875121984149652,5,2828368
Chr05_2831067_3339589,0.555045744269964,0.505606577888021,0.9875121984149652,5,2831067
Chr05_3339590_3341550,0.381965903877373,0.626496649526142,0.9875121984149652,5,3339590
Chr05_3341551_3707259,0.705401994550173,0.846058303056905,0.99127684150085,5,3341551
Chr05_3707260_3707643,0.855541843101949,0.791340116940089,0.9912467171618654,5,3707260
Chr05_3707644_4690548,0.692916331121054,0.844819435316074,0.99127684150085,5,3707644
Chr05_4690549_4691173,0.540647690994755,0.855166484070964,0.99127684150085,5,4690549
Chr05_4691174_5438561,0.896315362849218,0.425158999638462,0.9649665886597438,5,4691174
Chr05_5438562_5438584,0.999420883628387,0.342552570934672,0.918271177547566,5,5438562
Chr05_5438585_5830688,0.653486138530109,0.262965581234944,0.8637813860354697,5,5438585
Chr05_5830689_5831721,0.776241922912858,0.324957817417217,0.9080165784381886,5,5830689
Chr05_5831722_6053795,0.983122808702913,0.371505060012109,0.9306322266828022,5,5831722
Chr05_6053796_8364906,0.820592985352558,0.396123083418846,0.9306322266828022,5,6053796
Chr05_8364907_8727528,0.576804096922957,0.802039013792321,0.99127684150085,5,8364907
Chr05_8727529_8771223,0.667052388432738,0.361122595254621,0.9306322266828022,5,8727529
Chr05_8771224_9570943,0.966709511047094,0.399672252519135,0.9306322266828022,5,8771224
Chr05_9570944_9570948,0.786738059566563,0.463492547454986,0.9801018949147229,5,9570944
Chr05_9570949_10935315,0.98571378397588,0.265474430631167,0.8637813860354697,5,9570949
Chr05_10935316_10935416,0.560967679985566,0.480438901611588,0.9803412128833469,5,10935316
Chr05_10935417_11899786,0.795682319948577,0.592563888924037,0.9875121984149652,5,10935417
Chr05_11899787_11901447,0.633436626105914,0.330377517229536,0.9143534045424097,5,11899787
Chr05_11901448_13455218,0.829573408151613,0.372457614521837,0.9306322266828022,5,11901448
Chr05_13455219_13455274,0.528256624830161,0.327288659785887,0.9105094401601566,5,13455219
Chr05_13455275_17921116,0.438286875215273,0.215352968147301,0.8130064219589709,5,13455275
Chr05_17921117_17922023,0.398207011428995,0.252081129742269,0.8585111785172648,5,17921117
Chr05_17922024_19267669,0.725381866767167,0.350141413163246,0.9303797338340903,5,17922024
Chr05_19267670_19267875,0.915696615638927,0.520277888298637,0.9875121984149652,5,19267670
Chr05_19267876_19619032,0.999943134039147,0.692065204876755,0.9875121984149652,5,19267876
Chr05_19619033_19619349,0.810027808042203,0.798848457720141,0.99127684150085,5,19619033
Chr05_19619350_20528089,0.909153236336034,0.958662818487106,0.9920769542239611,5,19619350
Chr05_20528090_20538257,0.943648194895091,0.740724374432634,0.9875121984149652,5,20528090
Chr05_20538258_21142688,0.853605088920704,0.428083314863531,0.9685005492302581,5,20538258
Chr05_21142689_21206441,0.888389827048372,0.599102990383468,0.9875121984149652,5,21142689
Chr05_21206442_21547330,0.982599440540449,0.835351110256207,0.99127684150085,5,21206442
Chr05_21547331_21547901,0.885573186100292,0.909158743745625,0.99127684150085,5,21547331
Chr05_21547902_22130043,0.916239013940714,0.718119369842283,0.9875121984149652,5,21547902
Chr05_22130044_22141443,0.951011251467817,0.647169780761297,0.9875121984149652,5,22130044
Chr05_22141444_22484512,0.951417434845139,0.530695484651115,0.9875121984149652,5,22141444
Chr05_22484513_22484573,0.824063747620235,0.24121609072687,0.8585111785172648,5,22484513
Chr05_22484574_23162182,0.718414448436459,0.199394267296742,0.7870075613494468,5,22484574
Chr05_23162183_23162355,0.71977223858331,0.15022304318009,0.7691553119375167,5,23162183
Chr05_23162356_23643671,0.685160346812455,0.0980480591209823,0.7153557409871774,5,23162356
Chr05_23643672_23643758,0.877639542371804,0.152223501478213,0.7691553119375167,5,23643672
Chr05_23643759_24127335,0.80349475766784,0.103893717244454,0.7248441072086323,5,23643759
Chr05_24127336_24170895,0.687801537115157,0.06424927702444,0.7153557409871774,5,24127336
Chr05_24170896_24329822,0.968296295244394,0.0823195776315554,0.7153557409871774,5,24170896
Chr05_24329823_24329978,0.968691057601158,0.061416572578915,0.7153557409871774,5,24329823
Chr05_24329979_24697349,0.837032546100617,0.0421900922312789,0.7153557409871774,5,24329979
Chr05_24697350_24697359,0.96420971659776,0.0246360046492882,0.7153557409871774,5,24697350
Chr05_24697360_24981555,0.932458210769092,0.0350924828397769,0.7153557409871774,5,24697360
Chr05_24981556_24990031,0.932458210769092,0.0350924828397769,0.7153557409871774,5,24981556
Chr05_24990032_25290582,0.906291767432836,0.0188939921144292,0.7153557409871774,5,24990032
Chr05_25290583_25776715,0.954833943403019,0.0123385582884789,0.7153557409871774,5,25290583
Chr05_25776716_25778964,0.976028555771141,0.0159921890852951,0.7153557409871774,5,25776716
Chr05_25778965_25878632,0.827295736022181,0.0125755807538597,0.7153557409871774,5,25778965
Chr05_25878633_25890704,0.827295736022181,0.0125755807538597,0.7153557409871774,5,25878633
Chr06_1_259995,0.948369971219789,0.204213517301093,0.7912240326200243,6,1
Chr06_259996_397295,0.948369971219789,0.204213517301093,0.7912240326200243,6,259996
Chr06_397296_397486,0.9168407129411,0.194512482348245,0.7870075613494468,6,397296
Chr06_397487_679655,0.985795046403644,0.113110296078877,0.7313956307262519,6,397487
Chr06_679656_680000,0.87195741403621,0.157366524532273,0.7776515103480894,6,679656
Chr06_680001_1379924,0.995045160352306,0.310397014158288,0.9052352314254781,6,680001
Chr06_1379925_1379928,0.651545199119374,0.303901177301816,0.9052352314254781,6,1379925
Chr06_1379929_2161351,0.719326587244758,0.250554810009085,0.8585111785172648,6,1379929
Chr06_2161352_2162741,0.949536726835524,0.21450224962757,0.8130064219589709,6,2161352
Chr06_2162742_2812365,0.960804885513387,0.381893930566449,0.9306322266828022,6,2162742
Chr06_2812366_2854281,0.433905110649783,0.491178749486908,0.9874441799090145,6,2812366
Chr06_2854282_3591118,0.621879819432782,0.68387297448496,0.9875121984149652,6,2854282
Chr06_3591119_3591161,0.904984884625476,0.875264180566091,0.99127684150085,6,3591119
Chr06_3591162_4332358,0.66724737850647,0.735208645924994,0.9875121984149652,6,3591162
Chr06_4332359_4333525,0.878485731306348,0.888524041701513,0.99127684150085,6,4332359
Chr06_4333526_4729813,0.981880872543058,0.765882432554898,0.9897931882505151,6,4333526
Chr06_4729814_4730190,0.996448219063079,0.747240587830361,0.9875121984149652,6,4729814
Chr06_4730191_4943086,0.947935781432649,0.44754076706338,0.9762109503891548,6,4730191
Chr06_4943087_4945020,0.805458841960767,0.644707951412809,0.9875121984149652,6,4943087
Chr06_4945021_5645609,0.789574798352757,0.618078800723119,0.9875121984149652,6,4945021
Chr06_5645610_5645657,0.865771608715638,0.674810897460808,0.9875121984149652,6,5645610
Chr06_5645658_6007252,0.907940052740773,0.967701213110423,0.9920769542239611,6,5645658
Chr06_6007253_6023229,0.907940052740773,0.967701213110423,0.9920769542239611,6,6007253
Chr06_6023230_6323822,0.951072690789198,0.971091307118178,0.9920769542239611,6,6023230
Chr06_6323823_6326862,0.932744834625791,0.819547097956476,0.99127684150085,6,6323823
Chr06_6326863_6574776,0.977319827500494,0.640814532569202,0.9875121984149652,6,6326863
Chr06_6574777_6576752,0.71733686157302,0.389635470556374,0.9306322266828022,6,6574777
Chr06_6576753_7113978,0.735765988564771,0.38861088258787,0.9306322266828022,6,6576753
Chr06_7113979_7113996,0.853854543016725,0.347435320367211,0.9287586636631869,6,7113979
Chr06_7113997_7673552,0.716087905366264,0.163788653405795,0.782920772357818,6,7113997
Chr06_7673553_7673592,0.654334428803389,0.196153313555681,0.7870075613494468,6,7673553
Chr06_7673593_7875888,0.967199278037046,0.248777434963906,0.8585111785172648,6,7673593
Chr06_7875889_7883252,0.798644243355294,0.19379815407572,0.7870075613494468,6,7875889
Chr06_7883253_8477750,0.899801972405046,0.143606922920258,0.7691553119375167,6,7883253
Chr06_8477751_8480774,0.747819738466194,0.115449302811152,0.7316886277501488,6,8477751
Chr06_8480775_8816554,0.978940800205294,0.149895576174663,0.7691553119375167,6,8480775
Chr06_8816555_8818505,0.88101862077781,0.0798617303315979,0.7153557409871774,6,8816555
Chr06_8818506_9125750,0.922555922134957,0.0468293707564505,0.7153557409871774,6,8818506
Chr06_9125751_9125978,0.959961739722327,0.0826711218698485,0.7153557409871774,6,9125751
Chr06_9125979_9408072,0.969788149892414,0.0666473028860362,0.7153557409871774,6,9125979
Chr06_9408073_9411952,0.909331939257584,0.0836504871093881,0.7153557409871774,6,9408073
Chr06_9411953_9750202,0.84383002219116,0.143383657507365,0.7691553119375167,6,9411953
Chr06_9750203_9750817,0.6414850351534,0.112400602132867,0.7313956307262519,6,9750203
Chr06_9750818_10501424,0.736611032034897,0.159614578971627,0.782920772357818,6,9750818
Chr06_10501425_10501502,0.991109604145712,0.17108628358477,0.7870075613494468,6,10501425
Chr06_10501503_10924054,0.950571092423968,0.150772851159675,0.7691553119375167,6,10501503
Chr06_10924055_10924251,0.902143971854114,0.15328653795037,0.7691553119375167,6,10924055
Chr06_10924252_11829405,0.672733248358311,0.126565246876584,0.7691553119375167,6,10924252
Chr06_11829406_11829488,0.609559739447804,0.145462240205795,0.7691553119375167,6,11829406
Chr06_11829489_12203082,0.899620432496554,0.25020881095276,0.8585111785172648,6,11829489
Chr06_12203083_12203332,0.744370530168506,0.22065749878204,0.8247354747028159,6,12203083
Chr06_12203333_13356130,0.882024125123992,0.306659230112772,0.9052352314254781,6,12203333
Chr06_13356131_13356606,0.922404742459518,0.316941635761483,0.9080165784381886,6,13356131
Chr06_13356607_16929528,0.956944217389246,0.240782189037128,0.8585111785172648,6,13356607
Chr06_16929529_16931258,0.848042829601608,0.194598813731787,0.7870075613494468,6,16929529
Chr06_16931259_18463096,0.968461845787867,0.246747746573234,0.8585111785172648,6,16931259
Chr06_18463097_18636101,0.945350436713301,0.208434214540762,0.7978861732620369,6,18463097
Chr06_18636102_19779022,0.946480229838756,0.198037644400827,0.7870075613494468,6,18636102
Chr06_19779023_19779612,0.424130579584974,0.270331511122763,0.8637813860354697,6,19779023
Chr06_19779613_20945407,0.476557812217206,0.172337946819675,0.7870075613494468,6,19779613
Chr06_20945408_20964449,0.69690856106099,0.187472423834443,0.7870075613494468,6,20945408
Chr06_20964450_21544394,0.858082892159415,0.396205488898545,0.9306322266828022,6,20964450
Chr06_21544395_21556767,0.690623077682084,0.486253267264726,0.981739191502833,6,21544395
Chr06_21556768_22349429,0.650061597733506,0.351966829185239,0.9303797338340903,6,21556768
Chr06_22349430_22349443,0.600670027327696,0.393028901421386,0.9306322266828022,6,22349430
Chr06_22349444_22574746,0.997458112386637,0.458997557428036,0.9801018949147229,6,22349444
Chr06_22574747_22574770,0.950881875171183,0.566173954370148,0.9875121984149652,6,22574747
Chr06_22574771_22966028,0.976191217193863,0.627372700850722,0.9875121984149652,6,22574771
Chr06_22966029_22966159,0.807601072894041,0.700952455267781,0.9875121984149652,6,22966029
Chr06_22966160_23488310,0.737573545908592,0.855411964705356,0.99127684150085,6,22966160
Chr06_23488311_23488483,0.533916255502016,0.993800516799592,0.9979717676570931,6,23488311
Chr06_23488484_23820127,0.695999187784823,0.958111795819975,0.9920769542239611,6,23488484
Chr06_23820128_23820128,0.776047994129286,0.892052401046299,0.99127684150085,6,23820128
Chr06_23820129_23984701,0.962037036477453,0.828217938444339,0.99127684150085,6,23820129
Chr06_23984702_23984901,0.993767783809107,0.69048400373608,0.9875121984149652,6,23984702
Chr06_23984902_24278135,0.932802925416922,0.717942160056863,0.9875121984149652,6,23984902
Chr06_24278136_24278203,0.89549549960669,0.36191341342008,0.9306322266828022,6,24278136
Chr06_24278204_25233228,0.735482754513809,0.153509576363705,0.7691553119375167,6,24278204
Chr06_25233229_25236062,0.975500173012024,0.237049087759594,0.8560602905129489,6,25233229
Chr06_25236063_25583658,0.621929977572079,0.324191509297894,0.9080165784381886,6,25236063
Chr06_25583659_25583693,0.653895771826789,0.31521205278197,0.9080165784381886,6,25583659
Chr06_25583694_25860981,0.959416874032153,0.533468329344242,0.9875121984149652,6,25583694
Chr06_25860982_25901334,0.780891481896729,0.906130088737385,0.99127684150085,6,25860982
Chr06_25901335_26337755,0.891271997897178,0.925537260402861,0.99127684150085,6,25901335
Chr06_26337756_26337985,0.891907702816866,0.7116330027061,0.9875121984149652,6,26337756
Chr06_26337986_26895033,0.793842209224156,0.960254347980939,0.9920769542239611,6,26337986
Chr06_26895034_26895066,0.803328111163671,0.956829676127583,0.9920769542239611,6,26895034
Chr06_26895067_27425111,0.847856218600667,0.882707596186126,0.99127684150085,6,26895067
Chr06_27425112_27425380,0.847856218600667,0.882707596186126,0.99127684150085,6,27425112
Chr06_27425381_27823758,0.97522673955994,0.704842384782063,0.9875121984149652,6,27425381
Chr06_27823759_27826169,0.97522673955994,0.704842384782063,0.9875121984149652,6,27823759
Chr06_27826170_27910650,0.97522673955994,0.704842384782063,0.9875121984149652,6,27826170
Chr06_27910651_27912125,0.97522673955994,0.704842384782063,0.9875121984149652,6,27910651
Chr07_1_32432,0.913064468204364,0.695664533017759,0.9875121984149652,7,1
Chr07_32433_552658,0.913064468204364,0.695664533017759,0.9875121984149652,7,32433
Chr07_552659_552662,0.913064468204364,0.695664533017759,0.9875121984149652,7,552659
Chr07_552663_955461,0.77089075653479,0.565723203851862,0.9875121984149652,7,552663
Chr07_955462_955511,0.988158839558975,0.717930407968229,0.9875121984149652,7,955462
Chr07_955512_1197275,0.992746879589011,0.71397775972867,0.9875121984149652,7,955512
Chr07_1197276_1197353,0.983295891010546,0.705652441687373,0.9875121984149652,7,1197276
Chr07_1197354_1659530,0.900205696663714,0.75280557223898,0.9875121984149652,7,1197354
Chr07_1659531_1660919,0.882901479104371,0.836642508769666,0.99127684150085,7,1659531
Chr07_1660920_2046957,0.956140462479102,0.783492609417937,0.9900761691252338,7,1660920
Chr07_2046958_2046977,0.773254319707227,0.840082558586986,0.99127684150085,7,2046958
Chr07_2046978_2291877,0.953965080150488,0.908113458967025,0.99127684150085,7,2046978
Chr07_2291878_2300559,0.944520555564303,0.926514535710458,0.99127684150085,7,2291878
Chr07_2300560_2687802,0.830744376898315,0.899086930541331,0.99127684150085,7,2300560
Chr07_2687803_2687813,0.920232315818418,0.991770343302036,0.9979717676570931,7,2687803
Chr07_2687814_3941375,0.989377405994318,0.879599892834316,0.99127684150085,7,2687814
Chr07_3941376_3941394,0.807793800796212,0.543219446759739,0.9875121984149652,7,3941376
Chr07_3941395_4409564,0.840741107283952,0.521689454256683,0.9875121984149652,7,3941395
Chr07_4409565_4409596,0.672674217459656,0.520626740430273,0.9875121984149652,7,4409565
Chr07_4409597_8690237,0.939577391126904,0.299737825212048,0.9052352314254781,7,4409597
Chr07_8690238_8690302,0.958274793999764,0.32376352154846,0.9080165784381886,7,8690238
Chr07_8690303_9329666,0.985965681547663,0.473991087550957,0.9801018949147229,7,8690303
Chr07_9329667_10358888,0.920551194660505,0.546933265682597,0.9875121984149652,7,9329667
Chr07_10358889_10430627,0.761126118151004,0.688409323083818,0.9875121984149652,7,10358889
Chr07_10430628_11516534,0.783929434856933,0.746316899744415,0.9875121984149652,7,10430628
Chr07_11516535_11518035,0.560250087490014,0.472246218459399,0.9801018949147229,7,11516535
Chr07_11518036_12622483,0.714515596498628,0.418850665053931,0.9543811582300284,7,11518036
Chr07_12622484_15610913,0.714515596498628,0.418850665053931,0.9543811582300284,7,12622484
Chr08_1_102758,0.826026530581029,0.338224770332302,0.9143534045424097,8,1
Chr08_102759_588290,0.826026530581029,0.338224770332302,0.9143534045424097,8,102759
Chr08_588291_630205,0.999408732834667,0.463455516156808,0.9801018949147229,8,588291
Chr08_630206_1034461,0.906437316654722,0.366440899150349,0.9306322266828022,8,630206
Chr08_1034462_1048611,0.833948340015738,0.364982819666871,0.9306322266828022,8,1034462
Chr08_1048612_1298750,0.920103403235378,0.572288871757878,0.9875121984149652,8,1048612
Chr08_1298751_1298989,0.931562284584148,0.55833199659282,0.9875121984149652,8,1298751
Chr08_1298990_1806964,0.917428897705695,0.524232344389189,0.9875121984149652,8,1298990
Chr08_1806965_1807002,0.789241372575384,0.505715904921342,0.9875121984149652,8,1806965
Chr08_1807003_1967030,0.922445594947533,0.514679318757538,0.9875121984149652,8,1807003
Chr08_1967031_1967191,0.882021978303206,0.797745141513632,0.99127684150085,8,1967031
Chr08_1967192_2343254,0.821673155642089,0.826872614302341,0.99127684150085,8,1967192
Chr08_2343255_2343756,0.934132649672573,0.722198437233963,0.9875121984149652,8,2343255
Chr08_2343757_2499765,0.813740897212169,0.975616427580516,0.9920769542239611,8,2343757
Chr08_2499766_2499872,0.640409505491822,0.872902319218005,0.99127684150085,8,2499766
Chr08_2499873_2709726,0.952363924197065,0.767229482332147,0.9897931882505151,8,2499873
Chr08_2709727_2709867,0.906718254632382,0.933063643888898,0.9912864941191681,8,2709727
Chr08_2709868_3310722,0.846799762355881,0.873049613700632,0.99127684150085,8,2709868
Chr08_3310723_3336326,0.908524176084472,0.594020664329289,0.9875121984149652,8,3310723
Chr08_3336327_3584862,0.735500988354026,0.680750578763229,0.9875121984149652,8,3336327
Chr08_3584863_3587355,0.837720212046735,0.781775771988115,0.9900761691252338,8,3584863
Chr08_3587356_3989020,0.811024706713628,0.496607386260099,0.9875121984149652,8,3587356
Chr08_3989021_4058960,0.723970025655209,0.520939037482169,0.9875121984149652,8,3989021
Chr08_4058961_4449509,0.72656168513148,0.522628988079284,0.9875121984149652,8,4058961
Chr08_4449510_4449514,0.901947388557678,0.380739745078455,0.9306322266828022,8,4449510
Chr08_4449515_5019584,0.580358205385811,0.461098527145954,0.9801018949147229,8,4449515
Chr08_5019585_5029273,0.497437515032606,0.340904762400888,0.918271177547566,8,5019585
Chr08_5029274_5540148,0.812789662549831,0.288368181676708,0.904814261851179,8,5029274
Chr08_5540149_5540280,0.938724448828862,0.199488825735392,0.7870075613494468,8,5540149
Chr08_5540281_6043183,0.887467346152659,0.137848758203734,0.7691553119375167,8,5540281
Chr08_6043184_6044929,0.992335773389238,0.257286581076969,0.8605867151122697,8,6043184
Chr08_6044930_6375617,0.931016662246714,0.400550535176142,0.9306322266828022,8,6044930
Chr08_6375618_6375625,0.751880738620325,0.380067580520761,0.9306322266828022,8,6375618
Chr08_6375626_6805444,0.635295317104446,0.461659107619258,0.9801018949147229,8,6375626
Chr08_6805445_6805601,0.979354325471032,0.681307328371862,0.9875121984149652,8,6805445
Chr08_6805602_7350099,0.774769581328387,0.720320026244499,0.9875121984149652,8,6805602
Chr08_7350100_7385234,0.281202601910994,0.897676289891505,0.99127684150085,8,7350100
Chr08_7385235_8118037,0.679601849041353,0.69935169705939,0.9875121984149652,8,7385235
Chr08_8118038_8118605,0.655459373183129,0.674737605673473,0.9875121984149652,8,8118038
Chr08_8118606_8438426,0.97872270662494,0.664431194202381,0.9875121984149652,8,8118606
Chr08_8438427_8449799,0.908480051874628,0.735626674672464,0.9875121984149652,8,8438427
Chr08_8449800_8952307,0.992191536637659,0.783100481860802,0.9900761691252338,8,8449800
Chr08_8952308_8971278,0.899056381262252,0.683829852631441,0.9875121984149652,8,8952308
Chr08_8971279_9678606,0.85529585670157,0.721552413170625,0.9875121984149652,8,8971279
Chr08_9678607_9678749,0.924159409168004,0.852904404197633,0.99127684150085,8,9678607
Chr08_9678750_9935166,0.962880198635978,0.738080932300597,0.9875121984149652,8,9678750
Chr08_9935167_9941844,0.6517256584924,0.7305021541273,0.9875121984149652,8,9935167
Chr08_9941845_10355573,0.744103557318929,0.882719130697236,0.99127684150085,8,9941845
Chr08_10355574_10355586,0.782912610851426,0.93180954825121,0.9912864941191681,8,10355574
Chr08_10355587_10571239,0.901753766786654,0.973778415187442,0.9920769542239611,8,10355587
Chr08_10571240_10571442,0.865587414752252,0.984919125656041,0.9958230723849315,8,10571240
Chr08_10571443_11238535,0.903378713891595,0.968604907752672,0.9920769542239611,8,10571443
Chr08_11238536_11239062,0.644833205987004,0.51470110547733,0.9875121984149652,8,11238536
Chr08_11239063_11649947,0.756991103619704,0.663441185949315,0.9875121984149652,8,11239063
Chr08_11649948_11650201,0.553678912143639,0.869231520267305,0.99127684150085,8,11649948
Chr08_11650202_12171282,0.588381777222318,0.436191758951697,0.9753166198990048,8,11650202
Chr08_12171283_12199287,0.387000567428229,0.198735882260911,0.7870075613494468,8,12171283
Chr08_12199288_13035204,0.685587301112394,0.315781756821301,0.9080165784381886,8,12199288
Chr08_13035205_13105429,0.561960187252713,0.397114545171684,0.9306322266828022,8,13035205
Chr08_13105430_13536520,0.777143204752498,0.506173632984352,0.9875121984149652,8,13105430
Chr08_13536521_13542308,0.389357384732293,0.477701754324185,0.9801018949147229,8,13536521
Chr08_13542309_14104211,0.604430347662803,0.72043646070925,0.9875121984149652,8,13542309
Chr08_14104212_14105694,0.556534863775269,0.989458663460261,0.9967494115068102,8,14104212
Chr08_14105695_14813664,0.947191124020223,0.972391953584198,0.9920769542239611,8,14105695
Chr08_14813665_14813687,0.857552508789581,0.879785957565204,0.99127684150085,8,14813665
Chr08_14813688_17425951,0.913116879153582,0.817858078524845,0.99127684150085,8,14813688
Chr08_17425952_17425981,0.775500372493146,0.905715911316716,0.99127684150085,8,17425952
Chr08_17425982_18276165,0.613988345320704,0.899663749687005,0.99127684150085,8,17425982
Chr08_18276166_19465461,0.613988345320704,0.899663749687005,0.99127684150085,8,18276166
Chr09_1_612725,0.948430650455402,0.969020179635028,0.9920769542239611,9,1
Chr09_612726_1670684,0.948430650455402,0.969020179635028,0.9920769542239611,9,612726
Chr09_1670685_1670706,0.983499520175735,0.734458857366248,0.9875121984149652,9,1670685
Chr09_1670707_2864682,0.728832085292911,0.641634955473602,0.9875121984149652,9,1670707
Chr09_2864683_2931938,0.617366869668753,0.388600439512866,0.9306322266828022,9,2864683
Chr09_2931939_3805343,0.785805578344461,0.388738312169789,0.9306322266828022,9,2931939
Chr09_3805344_3897497,0.415181765553689,0.723491989374418,0.9875121984149652,9,3805344
Chr09_3897498_4348780,0.661935305862289,0.779484910995958,0.9900761691252338,9,3897498
Chr09_4348781_4349349,0.745320358328524,0.918822120858856,0.99127684150085,9,4348781
Chr09_4349350_4815906,0.925507985223594,0.849105098829335,0.99127684150085,9,4349350
Chr09_4815907_4815948,0.832488401254342,0.759402090297521,0.9875121984149652,9,4815907
Chr09_4815949_4950038,0.76558899832615,0.601999537798278,0.9875121984149652,9,4815949
Chr09_4950039_4951556,0.736605575021188,0.62020925801444,0.9875121984149652,9,4950039
Chr09_4951557_5226408,0.759965324561175,0.641204010010684,0.9875121984149652,9,4951557
Chr09_5226409_5226548,0.944974589770701,0.821388111249701,0.99127684150085,9,5226409
Chr09_5226549_5587934,0.884184313363741,0.894578595580536,0.99127684150085,9,5226549
Chr09_5587935_5587972,0.771684677301714,0.812483930539375,0.99127684150085,9,5587935
Chr09_5587973_5894832,0.757265044941883,0.819404919579725,0.99127684150085,9,5587973
Chr09_5894833_5962556,0.641249127431679,0.928393229931531,0.99127684150085,9,5894833
Chr09_5962557_6348625,0.748013571134063,0.998009950274315,0.999136345872775,9,5962557
Chr09_6348626_6642511,0.774265090375938,0.976357325613617,0.9920769542239611,9,6348626
Chr09_6642512_6642848,0.923498242463856,0.721320829301055,0.9875121984149652,9,6642512
Chr09_6642849_7022695,0.885668421726546,0.754183605382589,0.9875121984149652,9,6642849
Chr09_7022696_7029767,0.584013631826827,0.924579817179971,0.99127684150085,9,7022696
Chr09_7029768_7643120,0.835251774560094,0.884414559333435,0.99127684150085,9,7029768
Chr09_7643121_7644075,0.835251774560094,0.884414559333435,0.99127684150085,9,7643121
Chr09_7644076_7707585,0.747414891018839,0.742865557152544,0.9875121984149652,9,7644076
Chr09_7707586_7716480,0.941763055624463,0.936945002519887,0.991876512623376,9,7707586
Chr09_7716481_8073961,0.941763055624463,0.936945002519887,0.991876512623376,9,7716481
Chr09_8073962_8094828,0.844353604613725,0.745248812509084,0.9875121984149652,9,8073962
Chr09_8094829_8323134,0.995123034080483,0.828955280388232,0.99127684150085,9,8094829
Chr09_8323135_8323313,0.896992882579221,0.810911437383436,0.99127684150085,9,8323135
Chr09_8323314_8873271,0.884873959865926,0.6084450839449,0.9875121984149652,9,8323314
Chr09_8873272_8931262,0.525350200533317,0.975231380403211,0.9920769542239611,9,8873272
Chr09_8931263_9461597,0.527093986464128,0.9301636401962,0.99127684150085,9,8931263
Chr09_9461598_10169168,0.313588524622705,0.922559807240787,0.99127684150085,9,9461598
Chr09_10169169_10546219,0.892576105164062,0.751432247345385,0.9875121984149652,9,10169169
Chr09_10546220_10546584,0.982304631119027,0.704063960433244,0.9875121984149652,9,10546220
Chr09_10546585_10817737,0.95049894350418,0.55013919374946,0.9875121984149652,9,10546585
Chr09_10817738_10817792,0.64395935490789,0.493206183904398,0.9874441799090145,9,10817738
Chr09_10817793_11190661,0.781486287428384,0.474875732675941,0.9801018949147229,9,10817793
Chr09_11190662_11198784,0.921874296686498,0.781972115754424,0.9900761691252338,9,11190662
Chr09_11198785_11824088,0.839398163976371,0.817307089585903,0.99127684150085,9,11198785
Chr09_11824089_11824143,0.624071727856727,0.746988357970225,0.9875121984149652,9,11824089
Chr09_11824144_12217367,0.553896748353862,0.920315258501048,0.99127684150085,9,11824144
Chr09_12217368_12217448,0.40151166347735,0.94910244625703,0.9920769542239611,9,12217368
Chr09_12217449_12479031,0.605656346797311,0.927912556203948,0.99127684150085,9,12217449
Chr09_12479032_12479149,0.689621827140674,0.768460124211215,0.9897931882505151,9,12479032
Chr09_12479150_12868645,0.952633511611709,0.785824171954432,0.9900761691252338,9,12479150
Chr09_12868646_12948742,0.952633511611709,0.785824171954432,0.9900761691252338,9,12868646
Chr10_1_197484,0.659563640188016,0.930058338257222,0.99127684150085,10,1
Chr10_197485_6224131,0.659563640188016,0.930058338257222,0.99127684150085,10,197485
Chr10_6224132_6224703,0.429277933002096,0.665313916383551,0.9875121984149652,10,6224132
Chr10_6224704_7324683,0.868910705124667,0.546267146280438,0.9875121984149652,10,6224704
Chr10_7324684_7324725,0.907934018763533,0.581359845989871,0.9875121984149652,10,7324684
Chr10_7324726_7568912,0.861148005824658,0.594667252629916,0.9875121984149652,10,7324726
Chr10_7568913_7570147,0.901408177341152,0.646930048838896,0.9875121984149652,10,7568913
Chr10_7570148_7893941,0.958469660624199,0.697322103702852,0.9875121984149652,10,7570148
Chr10_7893942_7893951,0.989576006711943,0.922311765984758,0.99127684150085,10,7893942
Chr10_7893952_8487113,0.947165731681866,0.910744145618887,0.99127684150085,10,7893952
Chr10_8487114_8487454,0.911593851343388,0.572031576854442,0.9875121984149652,10,8487114
Chr10_8487455_9083699,0.834773170048027,0.249455561421171,0.8585111785172648,10,8487455
Chr10_9083700_9084167,0.987490710303234,0.185951981137663,0.7870075613494468,10,9083700
Chr10_9084168_9428493,0.984949647060583,0.0945063842606098,0.7153557409871774,10,9084168
Chr10_9428494_10204714,0.745781515684002,0.20102642237236,0.7884519926653627,10,9428494
Chr10_10204715_10204758,0.924662009397059,0.308249840877845,0.9052352314254781,10,10204715
Chr10_10204759_10683934,0.77297756742246,0.425512957590817,0.9649665886597438,10,10204759
Chr10_10683935_10683968,0.69817342458815,0.196670002305707,0.7870075613494468,10,10683935
Chr10_10683969_11126331,0.9981200734561,0.323559956874266,0.9080165784381886,10,10683969
Chr10_11126332_11126528,0.695404905279445,0.165256004196739,0.782920772357818,10,11126332
Chr10_11126529_11377330,0.701239903001974,0.0855459852426185,0.7153557409871774,10,11126529
Chr10_11377331_11377366,0.666792871560208,0.0863639696896975,0.7153557409871774,10,11377331
Chr10_11377367_11690245,0.93505522876525,0.0376525194765669,0.7153557409871774,10,11377367
Chr10_11690246_11690720,0.822426823488601,0.082528656269233,0.7153557409871774,10,11690246
Chr10_11690721_12005064,0.929475334071174,0.100541634951555,0.7153557409871774,10,11690721
Chr10_12005065_12006023,0.634723567403232,0.150288397984435,0.7691553119375167,10,12005065
Chr10_12006024_12591692,0.997934436924741,0.386681433403595,0.9306322266828022,10,12006024
Chr10_12591693_12656985,0.722901430726461,0.354847024921048,0.9303797338340903,10,12591693
Chr10_12656986_13267591,0.693688668713974,0.305404322012548,0.9052352314254781,10,12656986
Chr10_13267592_13267739,0.709888597575284,0.190744068331956,0.7870075613494468,10,13267592
Chr10_13267740_13844052,0.675738381796296,0.10816289661963,0.7285393438688468,10,13267740
Chr10_13844053_13847558,0.9791633831088,0.0983623902967324,0.7153557409871774,10,13844053
Chr10_13847559_14211378,0.882778476665725,0.0866955457649655,0.7153557409871774,10,13847559
Chr10_14211379_14211400,0.882778476665725,0.0866955457649655,0.7153557409871774,10,14211379
Chr10_14211401_14353862,0.7761274744015,0.0642071158074308,0.7153557409871774,10,14211401
Chr10_14353863_14353900,0.65706651039823,0.0703380015622772,0.7153557409871774,10,14353863
Chr10_14353901_15278725,0.733707733760565,0.0487411311167578,0.7153557409871774,10,14353901
Chr10_15278726_15280941,0.75284556820819,0.0216810275880615,0.7153557409871774,10,15278726
Chr10_15280942_15963527,0.76962400446284,0.0411473929289668,0.7153557409871774,10,15280942
Chr10_15963528_15963809,0.604569549388457,0.0213524504144958,0.7153557409871774,10,15963528
Chr10_15963810_16740206,0.729887615548509,0.0488528577154035,0.7153557409871774,10,15963810
Chr10_16740207_16740454,0.463476562953883,0.142853856745871,0.7691553119375167,10,16740207
Chr10_16740455_17296191,0.928973583356828,0.126842536131025,0.7691553119375167,10,16740455
Chr10_17296192_17296662,0.751273812182078,0.134812416327636,0.7691553119375167,10,17296192
Chr10_17296663_17608308,0.805828265500341,0.412491524499899,0.9489288195827004,10,17296663
Chr10_17608309_17610846,0.511971028374969,0.656913668338022,0.9875121984149652,10,17608309
Chr10_17610847_18004408,0.612434503071969,0.773826066996445,0.9900761691252338,10,17610847
Chr10_18004409_18025566,0.655874854250034,0.756328356436488,0.9875121984149652,10,18004409
Chr10_18025567_18378749,0.998773442988374,0.815238545362206,0.99127684150085,10,18025567
Chr10_18378750_18379224,0.906153917244639,0.725936705099202,0.9875121984149652,10,18378750
Chr10_18379225_18625190,0.740586860610765,0.887010229109662,0.99127684150085,10,18379225
Chr10_18625191_18625193,0.840185476034153,0.987231595090974,0.9958230723849315,10,18625191
Chr10_18625194_18841848,0.951897841438767,0.872389809493692,0.99127684150085,10,18625194
Chr10_18841849_18842020,0.804715860521607,0.699132409259466,0.9875121984149652,10,18841849
Chr10_18842021_19456129,0.676140555452565,0.817574630345868,0.99127684150085,10,18842021
Chr10_19456130_22580532,0.676140555452565,0.817574630345868,0.99127684150085,10,19456130
Chr11_1_5977578,0.842884147862149,0.254994193086718,0.8592586013520744,11,1
Chr11_5977579_6941413,0.842884147862149,0.254994193086718,0.8592586013520744,11,5977579
Chr11_6941414_6941441,0.913208881540095,0.303965476165142,0.9052352314254781,11,6941414
Chr11_6941442_8022990,0.96962034434928,0.683703769315794,0.9875121984149652,11,6941442
Chr11_8022991_8023680,0.970701440033498,0.793024939777263,0.99127684150085,11,8022991
Chr11_8023681_11175078,0.907018205645703,0.853898768211894,0.99127684150085,11,8023681
Chr11_11175079_11219138,0.707093330146963,0.728811441163251,0.9875121984149652,11,11175079
Chr11_11219139_11931548,0.754048729522692,0.838907271336748,0.99127684150085,11,11219139
Chr11_11931549_11931633,0.703103159111791,0.993697820185657,0.9979717676570931,11,11931549
Chr11_11931634_12929647,0.83971916173233,0.751308686010914,0.9875121984149652,11,11931634
Chr11_12929648_12929718,0.816927760645533,0.736094861864926,0.9875121984149652,11,12929648
Chr11_12929719_13960175,0.867938037331137,0.90041810259338,0.99127684150085,11,12929719
Chr11_13960176_14069367,0.636305676986583,0.735858188094416,0.9875121984149652,11,13960176
Chr11_14069368_15156503,0.629482303783434,0.766693391882626,0.9897931882505151,11,14069368
Chr11_15156504_15156662,0.16036267923413,0.191627095307687,0.7870075613494468,11,15156504
Chr11_15156663_16050796,0.736546372176557,0.0615262846553564,0.7153557409871774,11,15156663
Chr11_16050797_16079549,0.887174043257577,0.0662074504979528,0.7153557409871774,11,16050797
Chr11_16079550_16540781,0.725524936957009,0.0477157317313138,0.7153557409871774,11,16079550
Chr11_16540782_16540787,0.474534048166555,0.0162783973995022,0.7153557409871774,11,16540782
Chr11_16540788_17082618,0.702482646015525,0.016990893720635,0.7153557409871774,11,16540788
Chr11_17082619_17082712,0.607943762944879,0.0160865712872324,0.7153557409871774,11,17082619
Chr11_17082713_17412226,0.658141744131275,0.011100783347055,0.7153557409871774,11,17082713
Chr11_17412227_17414686,0.478537553751049,0.00961297884374021,0.7153557409871774,11,17412227
Chr11_17414687_18242241,0.711968456336759,0.0165831842059132,0.7153557409871774,11,17414687
Chr11_18242242_18242252,0.717233528022315,0.0172060109356645,0.7153557409871774,11,18242242
Chr11_18242253_18480279,0.921635259246198,0.0236590962511392,0.7153557409871774,11,18242253
Chr11_18480280_18501271,0.921635259246198,0.0236590962511392,0.7153557409871774,11,18480280
Chr12_1_3822339,0.539742549555168,0.0100244466028128,0.7153557409871774,12,1
Chr12_3822340_4464731,0.539742549555168,0.0100244466028128,0.7153557409871774,12,3822340
Chr12_4464732_4464757,0.734115479405613,0.00229573546229957,0.7153557409871774,12,4464732
Chr12_4464758_5786323,0.80379224238904,0.00572208766407493,0.7153557409871774,12,4464758
Chr12_5786324_5786415,0.80379224238904,0.00572208766407493,0.7153557409871774,12,5786324
Chr12_5786416_6083094,0.879051217761943,0.00244179464550531,0.7153557409871774,12,5786416
Chr12_6083095_6083928,0.865313717502747,0.00626585836882153,0.7153557409871774,12,6083095
Chr12_6083929_9076379,0.800338509540553,0.0230288037476241,0.7153557409871774,12,6083929
Chr12_9076380_9155776,0.716667122836595,0.021258856556065,0.7153557409871774,12,9076380
Chr12_9155777_9998859,0.606520579725593,0.0332077408584226,0.7153557409871774,12,9155777
Chr12_9998860_15760346,0.606520579725593,0.0332077408584226,0.7153557409871774,12,9998860
Chr13_1_21368,0.578205519837302,0.451203193090547,0.9762109503891548,13,1
Chr13_21369_304460,0.578205519837302,0.451203193090547,0.9762109503891548,13,21369
Chr13_304461_304882,0.576560656907561,0.463334991028784,0.9801018949147229,13,304461
Chr13_304883_695515,0.768947331594972,0.450370985205739,0.9762109503891548,13,304883
Chr13_695516_695834,0.429890570988468,0.354655833698655,0.9303797338340903,13,695516
Chr13_695835_1381178,0.456945912453417,0.376998103743437,0.9306322266828022,13,695835
Chr13_1381179_1381559,0.357658052102862,0.400648356732826,0.9306322266828022,13,1381179
Chr13_1381560_1623907,0.737552165978845,0.49791671624487,0.9875121984149652,13,1381560
Chr13_1623908_1645186,0.871140009497836,0.578644799482496,0.9875121984149652,13,1623908
Chr13_1645187_2273280,0.909600892185515,0.608472201461389,0.9875121984149652,13,1645187
Chr13_2273281_2282740,0.726365663484739,0.391209088596964,0.9306322266828022,13,2273281
Chr13_2282741_2705461,0.765789888024487,0.581150533662504,0.9875121984149652,13,2282741
Chr13_2705462_2715029,0.385613813213046,0.800970076028537,0.99127684150085,13,2705462
Chr13_2715030_3396313,0.723379168019682,0.839447504639036,0.99127684150085,13,2715030
Chr13_3396314_3396358,0.897860709232242,0.782532725977755,0.9900761691252338,13,3396314
Chr13_3396359_4112885,0.914312062454265,0.88490486216214,0.99127684150085,13,3396359
Chr13_4112886_4114403,0.681811142609003,0.905902151718718,0.99127684150085,13,4112886
Chr13_4114404_4735364,0.943664917281399,0.923000384166848,0.99127684150085,13,4114404
Chr13_4735365_4735710,0.661727454296173,0.788868802109072,0.9900761691252338,13,4735365
Chr13_4735711_5504608,0.786866635064076,0.697938147965969,0.9875121984149652,13,4735711
Chr13_5504609_5504650,0.913352852365708,0.472203915997199,0.9801018949147229,13,5504609
Chr13_5504651_6156193,0.673811744364278,0.351747521674933,0.9303797338340903,13,5504651
Chr13_6156194_6159444,0.70620721603123,0.382752508711361,0.9306322266828022,13,6156194
Chr13_6159445_6623045,0.812202317184383,0.440073336995676,0.9762109503891548,13,6159445
Chr13_6623046_6633578,0.977050151513729,0.623587244721796,0.9875121984149652,13,6623046
Chr13_6633579_10793043,0.979832802993049,0.622206258997071,0.9875121984149652,13,6633579
Chr13_10793044_10793124,0.544990326703258,0.908134830802693,0.99127684150085,13,10793044
Chr13_10793125_12234858,0.682173266941687,0.833495079124202,0.99127684150085,13,10793125
Chr13_12234859_12235631,0.27102173158654,0.593045568398615,0.9875121984149652,13,12234859
Chr13_12235632_13036378,0.56171331893932,0.551437611547643,0.9875121984149652,13,12235632
Chr13_13036379_13036541,0.770108382309896,0.848555686225874,0.99127684150085,13,13036379
Chr13_13036542_14040219,0.906403820175484,0.712248312021623,0.9875121984149652,13,13036542
Chr13_14040220_14040443,0.796677937522451,0.72522597221612,0.9875121984149652,13,14040220
Chr13_14040444_14249673,0.832036718925852,0.338165632005032,0.9143534045424097,13,14040444
Chr13_14249674_14250314,0.476665619376865,0.176220552220826,0.7870075613494468,13,14249674
Chr13_14250315_14575821,0.590631166164403,0.220954538781973,0.8247354747028159,13,14250315
Chr13_14575822_14575856,0.844743652600028,0.129807051653317,0.7691553119375167,13,14575822
Chr13_14575857_15201210,0.875575951514307,0.144530982139241,0.7691553119375167,13,14575857
Chr13_15201211_15201717,0.903161119404133,0.0712229576116381,0.7153557409871774,13,15201211
Chr13_15201718_15621666,0.772361454224807,0.043379166931821,0.7153557409871774,13,15201718
Chr13_15621667_15623226,0.698413903658492,0.0353645467918024,0.7153557409871774,13,15621667
Chr13_15623227_16175370,0.752803858108764,0.0344933841122385,0.7153557409871774,13,15623227
Chr13_16175371_16228825,0.820907665677384,0.0437651164910532,0.7153557409871774,13,16175371
Chr13_16228826_16309277,0.926214174512984,0.0681989577148158,0.7153557409871774,13,16228826
Chr13_16309278_16320717,0.926214174512984,0.0681989577148158,0.7153557409871774,13,16309278
Chr14_1_1412541,0.711142369090614,0.311204170469156,0.9052352314254781,14,1
Chr14_1412542_1718839,0.711142369090614,0.311204170469156,0.9052352314254781,14,1412542
Chr14_1718840_1769847,0.882779379973394,0.173057096342781,0.7870075613494468,14,1718840
Chr14_1769848_2181663,0.839048067052877,0.160418887842682,0.782920772357818,14,1769848
Chr14_2181664_2181860,0.850561724019744,0.0829126207653908,0.7153557409871774,14,2181664
Chr14_2181861_2932266,0.999921981721748,0.111681707512581,0.7313956307262519,14,2181861
Chr14_2932267_2944359,0.891568305220562,0.516140089003496,0.9875121984149652,14,2932267
Chr14_2944360_3608257,0.495464740708112,0.585967704743303,0.9875121984149652,14,2944360
Chr14_3608258_3667942,0.20692378391827,0.456222147185525,0.9801018949147229,14,3608258
Chr14_3667943_4198692,0.430835867610365,0.961533006465465,0.9920769542239611,14,3667943
Chr14_4198693_4198900,0.201934675104139,0.876784924715262,0.99127684150085,14,4198693
Chr14_4198901_5484913,0.504745749368034,0.853785297483946,0.99127684150085,14,4198901
Chr14_5484914_5485101,0.415014591193716,0.926454947719283,0.99127684150085,14,5484914
Chr14_5485102_5794209,0.656730392351627,0.933280178893804,0.9912864941191681,14,5485102
Chr14_5794210_5794788,0.488425443428094,0.719059940335273,0.9875121984149652,14,5794210
Chr14_5794789_6335975,0.381059516466954,0.587560492790128,0.9875121984149652,14,5794789
Chr14_6335976_6360148,0.167560913938927,0.969046451488897,0.9920769542239611,14,6335976
Chr14_6360149_6878286,0.589033943763507,0.594258146969203,0.9875121984149652,14,6360149
Chr14_6878287_6941814,0.543095774448346,0.478473440862393,0.9801018949147229,14,6878287
Chr14_6941815_7207281,0.620514447898895,0.770550187124632,0.9900761691252338,14,6941815
Chr14_7207282_7207355,0.646193030336837,0.762833449046608,0.9897931882505151,14,7207282
Chr14_7207356_7560189,0.685309375985923,0.432605529971982,0.9705096071255738,14,7207356
Chr14_7560190_7561488,0.743192396949863,0.392007390779575,0.9306322266828022,14,7560190
Chr14_7561489_7987654,0.797242237175015,0.332859064271942,0.9143534045424097,14,7561489
Chr14_7987655_7987722,0.858225541492498,0.310261037073711,0.9052352314254781,14,7987655
Chr14_7987723_8360105,0.903889780976806,0.361573138373872,0.9306322266828022,14,7987723
Chr14_8360106_8360172,0.833625534132824,0.542898742331362,0.9875121984149652,14,8360106
Chr14_8360173_8826511,0.747489844295601,0.49047744030484,0.9874441799090145,14,8360173
Chr14_8826512_8830870,0.507920378891312,0.196146171428334,0.7870075613494468,14,8826512
Chr14_8830871_9343987,0.552769863577479,0.301930723909331,0.9052352314254781,14,8830871
Chr14_9343988_9344082,0.692862310716255,0.175211392234978,0.7870075613494468,14,9343988
Chr14_9344083_9965612,0.845937052321044,0.147624462961707,0.7691553119375167,14,9344083
Chr14_9965613_9966400,0.843333382700549,0.389057850815842,0.9306322266828022,14,9965613
Chr14_9966401_10546826,0.848079736192334,0.365604707759352,0.9306322266828022,14,9966401
Chr14_10546827_10558441,0.801096920407519,0.381578363398837,0.9306322266828022,14,10546827
Chr14_10558442_10778296,0.781754302403149,0.893373525601054,0.99127684150085,14,10558442
Chr14_10778297_10778347,0.732800372804576,0.957367616060033,0.9920769542239611,14,10778297
Chr14_10778348_11073729,0.952624577152389,0.935999914521144,0.991876512623376,14,10778348
Chr14_11073730_11073845,0.759517116520793,0.914321109236521,0.99127684150085,14,11073730
Chr14_11073846_11330828,0.742179724830858,0.977790860030351,0.9920769542239611,14,11073846
Chr14_11330829_11340231,0.654103057215784,0.854949829385778,0.99127684150085,14,11330829
Chr14_11340232_11992188,0.797605460901583,0.987216065189896,0.9958230723849315,14,11340232
Chr14_11992189_12577176,0.799958834530307,0.964957627820336,0.9920769542239611,14,11992189
Chr14_12577177_12580950,0.596456411644102,0.950223330292745,0.9920769542239611,14,12577177
Chr14_12580951_13241500,0.914413673333859,0.515011657274293,0.9875121984149652,14,12580951
Chr14_13241501_13241548,0.9748421992208,0.610942036568071,0.9875121984149652,14,13241501
Chr14_13241549_13859511,0.879978130683143,0.917654916184775,0.99127684150085,14,13241549
Chr14_13859512_13861671,0.775928766945862,0.842208917848721,0.99127684150085,14,13859512
Chr14_13861672_14649332,0.871588021040232,0.940556503247937,0.9920769542239611,14,13861672
Chr14_14649333_14669398,0.945982034468863,0.960497400681189,0.9920769542239611,14,14649333
Chr14_14669399_18687184,0.930031544093337,0.749896454001914,0.9875121984149652,14,14669399
Chr14_18687185_18920894,0.930031544093337,0.749896454001914,0.9875121984149652,14,18687185
Chr15_1_7723996,0.956056393322533,0.848622840089089,0.99127684150085,15,1
Chr15_7723997_8513282,0.956056393322533,0.848622840089089,0.99127684150085,15,7723997
Chr15_8513283_8514921,0.784225874572126,0.920408946143885,0.99127684150085,15,8513283
Chr15_8514922_9058550,0.774725133152231,0.912514359881154,0.99127684150085,15,8514922
Chr15_9058551_9058635,0.781923838675496,0.817319594659284,0.99127684150085,15,9058551
Chr15_9058636_9494238,0.870767340226613,0.598125940443455,0.9875121984149652,15,9058636
Chr15_9494239_9504212,0.963214856270108,0.689816262019149,0.9875121984149652,15,9494239
Chr15_9504213_10360334,0.964423945922207,0.611184622297903,0.9875121984149652,15,9504213
Chr15_10360335_10382562,0.521039826684691,0.571162868030575,0.9875121984149652,15,10360335
Chr15_10382563_10922105,0.831608638454323,0.705812105657263,0.9875121984149652,15,10382563
Chr15_10922106_10923379,0.581587037735599,0.740465979762594,0.9875121984149652,15,10922106
Chr15_10923380_11250913,0.850116928801602,0.901458811727459,0.99127684150085,15,10923380
Chr15_11250914_11251179,0.932239791228169,0.961613393599468,0.9920769542239611,15,11250914
Chr15_11251180_11559025,0.853151423679285,0.882892318585004,0.99127684150085,15,11251180
Chr15_11559026_11559435,0.925111096668465,0.878360559059562,0.99127684150085,15,11559026
Chr15_11559436_12323884,0.762799170948792,0.751388513725508,0.9875121984149652,15,11559436
Chr15_12323885_12324836,0.976829056315622,0.747740994302888,0.9875121984149652,15,12323885
Chr15_12324837_12552124,0.796946864409686,0.630545199024356,0.9875121984149652,15,12324837
Chr15_12552125_12561540,0.829907043026122,0.46026232708715,0.9801018949147229,15,12552125
Chr15_12561541_13586065,0.613696177449285,0.445819883605123,0.9762109503891548,15,12561541
Chr15_13586066_15278577,0.613696177449285,0.445819883605123,0.9762109503891548,15,13586066
Chr16_1_21646,0.701264372997538,0.194970459664947,0.7870075613494468,16,1
Chr16_21647_321148,0.701264372997538,0.194970459664947,0.7870075613494468,16,21647
Chr16_321149_321364,0.68646648924694,0.115278570166927,0.7316886277501488,16,321149
Chr16_321365_1274427,0.821266278904339,0.084327639645527,0.7153557409871774,16,321365
Chr16_1274428_1291033,0.926770119066534,0.0503177738425031,0.7153557409871774,16,1274428
Chr16_1291034_1748515,0.857475639614244,0.0522333021397474,0.7153557409871774,16,1291034
Chr16_1748516_1748598,0.863066793525023,0.0697545938980743,0.7153557409871774,16,1748516
Chr16_1748599_2211077,0.651437390473412,0.0491423684553968,0.7153557409871774,16,1748599
Chr16_2211078_2220920,0.790442590190015,0.0162357879679243,0.7153557409871774,16,2211078
Chr16_2220921_2534899,0.928525873479735,0.0331255309709391,0.7153557409871774,16,2220921
Chr16_2534900_2548024,0.986869007913141,0.0337678685386327,0.7153557409871774,16,2534900
Chr16_2548025_2705726,0.881107277778288,0.0271410524275588,0.7153557409871774,16,2548025
Chr16_2705727_2721119,0.876432727833526,0.0270230749870477,0.7153557409871774,16,2705727
Chr16_2721120_3234928,0.967383599614605,0.0200850468299359,0.7153557409871774,16,2721120
Chr16_3234929_3265636,0.799658012180323,0.0102307834941997,0.7153557409871774,16,3234929
Chr16_3265637_3600924,0.745044361330838,0.0249434607013325,0.7153557409871774,16,3265637
Chr16_3600925_3601048,0.502503523085044,0.0601362174633428,0.7153557409871774,16,3600925
Chr16_3601049_4415955,0.608999349376423,0.0440206833392464,0.7153557409871774,16,3601049
Chr16_4415956_4464442,0.616819323796584,0.0407401649988843,0.7153557409871774,16,4415956
Chr16_4464443_5048763,0.648138558245694,0.271912748866831,0.8637813860354697,16,4464443
Chr16_5048764_5050207,0.916279959463308,0.166160546601226,0.7833282911200655,16,5048764
Chr16_5050208_6618607,0.766045094799128,0.157643043895015,0.7776515103480894,16,5050208
Chr16_6618608_7456888,0.875437997197814,0.290471024088886,0.9052352314254781,16,6618608
Chr16_7456889_7457544,0.798020577124113,0.304516745693818,0.9052352314254781,16,7456889
Chr16_7457545_9757022,0.778675111223949,0.611556893534618,0.9875121984149652,16,7457545
Chr16_9757023_9757206,0.951015039584456,0.88081128466277,0.99127684150085,16,9757023
Chr16_9757207_11277586,0.788977274477054,0.917367260710073,0.99127684150085,16,9757207
Chr16_11277587_11303659,0.647781605013762,0.731325475035064,0.9875121984149652,16,11277587
Chr16_11303660_11775746,0.602011913595062,0.538252625219463,0.9875121984149652,16,11303660
Chr16_11775747_11775802,0.660643071081144,0.565030465400083,0.9875121984149652,16,11775747
Chr16_11775803_12458590,0.871573870006668,0.325443768447543,0.9080165784381886,16,11775803
Chr16_12458591_12459141,0.693324262858118,0.333655701154408,0.9143534045424097,16,12458591
Chr16_12459142_12780007,0.761426481837087,0.433027797536698,0.9705096071255738,16,12459142
Chr16_12780008_12780022,0.59613180089893,0.188966858601229,0.7870075613494468,16,12780008
Chr16_12780023_13518832,0.78396149790239,0.225754847683473,0.827767774839401,16,12780023
Chr16_13518833_13518868,0.697476273165428,0.258086089067107,0.8605867151122697,16,13518833
Chr16_13518869_14174202,0.770690490567579,0.248132083229983,0.8585111785172648,16,13518869
Chr16_14174203_14176896,0.770690490567579,0.248132083229983,0.8585111785172648,16,14174203
Chr16_14176897_14408136,0.910449950543347,0.267216055430581,0.8637813860354697,16,14176897
Chr16_14408137_14494361,0.910449950543347,0.267216055430581,0.8637813860354697,16,14408137
Chr17_1_5861628,0.813314182473206,0.787203186471356,0.9900761691252338,17,1
Chr17_5861629_9076514,0.813314182473206,0.787203186471356,0.9900761691252338,17,5861629
Chr17_9076515_9135976,0.831387704445593,0.823088401521798,0.99127684150085,17,9076515
Chr17_9135977_10478406,0.910591428510248,0.707120616709761,0.9875121984149652,17,9135977
Chr17_10478407_10480775,0.989249663138202,0.780506148380533,0.9900761691252338,17,10478407
Chr17_10480776_10878354,0.981581030740652,0.852398499119334,0.99127684150085,17,10480776
Chr17_10878355_10878412,0.864474394780682,0.968940587305951,0.9920769542239611,17,10878355
Chr17_10878413_11065072,0.732062775684664,0.978600464772643,0.9920769542239611,17,10878413
Chr17_11065073_11065075,0.411994190558615,0.905318317992021,0.99127684150085,17,11065073
Chr17_11065076_11866233,0.542830762444839,0.729418127908017,0.9875121984149652,17,11065076
Chr17_11866234_11884943,0.653169785233547,0.574963102569373,0.9875121984149652,17,11866234
Chr17_11884944_12457477,0.945981840397435,0.704955068322387,0.9875121984149652,17,11884944
Chr17_12457478_12457521,0.982231693095646,0.742262879002445,0.9875121984149652,17,12457478
Chr17_12457522_12723868,0.957099481579299,0.684420197583619,0.9875121984149652,17,12457522
Chr17_12723869_12724030,0.89463696777791,0.472063977363881,0.9801018949147229,17,12723869
Chr17_12724031_13345560,0.819138437076429,0.506727221904972,0.9875121984149652,17,12724031
Chr17_13345561_13349542,0.433039961623461,0.75754946580505,0.9875121984149652,17,13345561
Chr17_13349543_13731534,0.586954867379126,0.654902624151596,0.9875121984149652,17,13349543
Chr17_13731535_13865657,0.972343396307591,0.185052051673653,0.7870075613494468,17,13731535
Chr17_13865658_14959995,0.570497076038973,0.236671156238058,0.8560602905129489,17,13865658
Chr17_14959996_14960010,0.475240863410829,0.1988073993512,0.7870075613494468,17,14959996
Chr17_14960011_15481423,0.978657952942587,0.145606269462026,0.7691553119375167,17,14960011
Chr17_15481424_15481595,0.820302925350286,0.0944323694398622,0.7153557409871774,17,15481424
Chr17_15481596_16075256,0.850589603551342,0.0995065647299016,0.7153557409871774,17,15481596
Chr17_16075257_16080358,0.850589603551342,0.0995065647299016,0.7153557409871774,17,16075257
Chr18_1_26654,0.974173713830449,0.684541111705491,0.9875121984149652,18,1
Chr18_26655_279491,0.974173713830449,0.684541111705491,0.9875121984149652,18,26655
Chr18_279492_280287,0.974173713830449,0.684541111705491,0.9875121984149652,18,279492
Chr18_280288_518924,0.974173713830449,0.684541111705491,0.9875121984149652,18,280288
Chr18_518925_519693,0.832211715213447,0.998737027779752,0.999136345872775,18,518925
Chr18_519694_1337265,0.800009042402583,0.967120681223713,0.9920769542239611,18,519694
Chr18_1337266_1337375,0.902839629322938,0.999136345872775,0.999136345872775,18,1337266
Chr18_1337376_1621290,0.826151184313418,0.627325915332632,0.9875121984149652,18,1337376
Chr18_1621291_1678120,0.765287696322449,0.513673356984524,0.9875121984149652,18,1621291
Chr18_1678121_2304869,0.932849926600349,0.43731209351425,0.9755423624548654,18,1678121
Chr18_2304870_2306624,0.837059591395788,0.874146516282781,0.99127684150085,18,2304870
Chr18_2306625_3076449,0.853761430625136,0.866459391865383,0.99127684150085,18,2306625
Chr18_3076450_3079012,0.524318665677135,0.887328100759846,0.99127684150085,18,3076450
Chr18_3079013_4408573,0.616678803377694,0.543043411594596,0.9875121984149652,18,3079013
Chr18_4408574_4408732,0.778656062152467,0.50484960323733,0.9875121984149652,18,4408574
Chr18_4408733_8336718,0.995072582453192,0.531322324924296,0.9875121984149652,18,4408733
Chr18_8336719_8389865,0.984246991368103,0.553967692682334,0.9875121984149652,18,8336719
Chr18_8389866_8978244,0.876070799651272,0.503480287942099,0.9875121984149652,18,8389866
Chr18_8978245_8989772,0.937212086690777,0.742371713848921,0.9875121984149652,18,8978245
Chr18_8989773_10885711,0.97426276741097,0.948024197238793,0.9920769542239611,18,8989773
Chr18_10885712_10894960,0.647774259003668,0.541226909450173,0.9875121984149652,18,10885712
Chr18_10894961_11299101,0.889963017940853,0.336814303734187,0.9143534045424097,18,10894961
Chr18_11299102_12139614,0.739577752369061,0.269365141937203,0.8637813860354697,18,11299102
Chr18_12139615_12571439,0.950263700184817,0.250234996298074,0.8585111785172648,18,12139615
Chr18_12571440_12571795,0.981456386908444,0.162053430874615,0.782920772357818,18,12571440
Chr18_12571796_13215977,0.835961104100687,0.0374155187342486,0.7153557409871774,18,12571796
Chr18_13215978_13250655,0.635642624623057,0.0740876045116698,0.7153557409871774,18,13215978
Chr18_13250656_13635593,0.913993789265361,0.107162046754866,0.7285393438688468,18,13250656
Chr18_13635594_13643736,0.803031116416844,0.0749006827653429,0.7153557409871774,18,13635594
Chr18_13643737_13898263,0.938095275262706,0.142031935596172,0.7691553119375167,18,13643737
Chr18_13898264_13898423,0.678695937765437,0.243784409035666,0.8585111785172648,18,13898264
Chr18_13898424_14524913,0.849524719728825,0.198660997966406,0.7870075613494468,18,13898424
Chr18_14524914_14524954,0.862813265052106,0.149486218397129,0.7691553119375167,18,14524914
Chr18_14524955_15053717,0.736448418989504,0.300568802378326,0.9052352314254781,18,14524955
Chr18_15053718_15891874,0.325941776372016,0.390613462759687,0.9306322266828022,18,15053718
Chr18_15891875_16246662,0.678683057676255,0.409831852411947,0.9450821271282729,18,15891875
Chr18_16246663_16246682,0.458326527858856,0.39459832729424,0.9306322266828022,18,16246663
Chr18_16246683_16819341,0.600765546273138,0.69483044591496,0.9875121984149652,18,16246683
Chr18_16819342_16958300,0.600765546273138,0.69483044591496,0.9875121984149652,18,16819342
Chr19_1_2876126,0.639972807279726,0.856539953436184,0.99127684150085,19,1
Chr19_2876127_4004896,0.639972807279726,0.856539953436184,0.99127684150085,19,2876127
Chr19_4004897_4016872,0.682227028290828,0.822756204769987,0.99127684150085,19,4004897
Chr19_4016873_4784385,0.622825246506969,0.783130119323182,0.9900761691252338,19,4016873
Chr19_4784386_4798846,0.701817224589705,0.852132271316407,0.99127684150085,19,4784386
Chr19_4798847_7574587,0.599665487325834,0.967664764223727,0.9920769542239611,19,4798847
Chr19_7574588_7575123,0.534036011635864,0.777294733490173,0.9900761691252338,19,7574588
Chr19_7575124_8801717,0.782579873193211,0.522070973920622,0.9875121984149652,19,7575124
Chr19_8801718_8881408,0.642731366085195,0.533738361491584,0.9875121984149652,19,8801718
Chr19_8881409_9417721,0.645848449757966,0.374466594207202,0.9306322266828022,19,8881409
Chr19_9417722_9417814,0.811642594883984,0.591189023469439,0.9875121984149652,19,9417722
Chr19_9417815_11103766,0.973168500825823,0.634611040974095,0.9875121984149652,19,9417815
Chr19_11103767_11155117,0.915332823281245,0.674868068991766,0.9875121984149652,19,11103767
Chr19_11155118_11566144,0.870075832414305,0.485582985210223,0.981739191502833,19,11155118
Chr19_11566145_11566546,0.977890344720809,0.45189284328359,0.9762109503891548,19,11566145
Chr19_11566547_12131362,0.821898120906706,0.574869297583772,0.9875121984149652,19,11566547
Chr19_12131363_12155744,0.95071389431664,0.403006282938269,0.9315869873717958,19,12131363
Chr19_12155745_13180439,0.759282500198769,0.443505757725934,0.9762109503891548,19,12155745
Chr19_13180440_13217491,0.708688854217298,0.474515240824706,0.9801018949147229,19,13180440
Chr19_13217492_15336727,0.804264563049939,0.580037830009901,0.9875121984149652,19,13217492
Chr19_15336728_15336865,0.481972128512438,0.416996697504153,0.9543811582300284,19,15336728
Chr19_15336866_15847400,0.704728924980175,0.479297478390899,0.9801018949147229,19,15336866
Chr19_15847401_15942145,0.704728924980175,0.479297478390899,0.9801018949147229,19,15847401
