Marker,Intercept,Dosage,Dos_P_adj,CHR,BP
Chr01_1_126237,0.173162398577642,0.245578160889574,0.7096793792488415,1,1
Chr01_126238_809425,0.215608637090289,0.306030297445682,0.7290399729821938,1,126238
Chr01_809426_814269,0.215608637090289,0.306030297445682,0.7290399729821938,1,809426
Chr01_814270_1367747,0.215608637090289,0.306030297445682,0.7290399729821938,1,814270
Chr01_1367748_1367899,0.173162398577642,0.245578160889574,0.7096793792488415,1,1367748
Chr01_1367900_2042574,0.173162398577642,0.245578160889574,0.7096793792488415,1,1367900
Chr01_2042575_2043251,0.173162398577642,0.245578160889574,0.7096793792488415,1,2042575
Chr01_2043252_2231677,0.173162398577642,0.245578160889574,0.7096793792488415,1,2043252
Chr01_2231678_2231705,0.173162398577642,0.245578160889574,0.7096793792488415,1,2231678
Chr01_2231706_3033846,0.173162398577642,0.245578160889574,0.7096793792488415,1,2231706
Chr01_3033847_3052413,0.0942735102593178,0.135507368412589,0.6223690585587615,1,3033847
Chr01_3052414_4229970,0.25329887075253,0.351360082635008,0.7290399729821938,1,3052414
Chr01_4229971_4235626,0.330550172262763,0.439106535781454,0.7493705915571648,1,4229971
Chr01_4235627_5264100,0.330550172262763,0.439106535781454,0.7493705915571648,1,4235627
Chr01_5264101_5264149,0.484258299959233,0.604870602794874,0.8862404118871733,1,5264101
Chr01_5264150_5885231,0.484258299959233,0.604870602794874,0.8862404118871733,1,5264150
Chr01_5885232_5886075,0.638274235217579,0.521924256899287,0.8058087344695073,1,5885232
Chr01_5886076_6253003,0.638274235217579,0.521924256899287,0.8058087344695073,1,5886076
Chr01_6253004_6253851,0.638274235217579,0.521924256899287,0.8058087344695073,1,6253004
Chr01_6253852_6811196,0.638274235217579,0.521924256899287,0.8058087344695073,1,6253852
Chr01_6811197_6811650,0.638274235217579,0.521924256899287,0.8058087344695073,1,6811197
Chr01_6811651_7107385,0.638274235217579,0.521924256899287,0.8058087344695073,1,6811651
Chr01_7107386_7117068,0.638274235217579,0.521924256899287,0.8058087344695073,1,7107386
Chr01_7117069_8021093,0.230963275455491,0.160037771596647,0.6899741662232799,1,7117069
Chr01_8021094_8021338,0.0826154521617592,0.054106773360104,0.4945359085113506,1,8021094
Chr01_8021339_8546533,0.146517988872857,0.0961109679307843,0.5631522963293246,1,8021339
Chr01_8546534_8548055,0.45277510197599,0.354624767826913,0.7290399729821938,1,8546534
Chr01_8548056_9439189,0.45277510197599,0.354624767826913,0.7290399729821938,1,8548056
Chr01_9439190_9439923,0.45277510197599,0.354624767826913,0.7290399729821938,1,9439190
Chr01_9439924_10127710,0.45277510197599,0.354624767826913,0.7290399729821938,1,9439924
Chr01_10127711_10127775,0.45277510197599,0.354624767826913,0.7290399729821938,1,10127711
Chr01_10127776_10700451,0.45277510197599,0.354624767826913,0.7290399729821938,1,10127776
Chr01_10700452_10700489,0.533219116542134,0.440782674424334,0.7493705915571648,1,10700452
Chr01_10700490_11189458,0.533219116542134,0.440782674424334,0.7493705915571648,1,10700490
Chr01_11189459_11289027,0.828868781362497,0.8911429405256,0.9756845811133825,1,11189459
Chr01_11289028_11965532,0.284151097225873,0.232663093093968,0.7096793792488415,1,11289028
Chr01_11965533_11966198,0.284151097225873,0.232663093093968,0.7096793792488415,1,11965533
Chr01_11966199_12330339,0.284151097225873,0.232663093093968,0.7096793792488415,1,11966199
Chr01_12330340_12330527,0.284151097225873,0.232663093093968,0.7096793792488415,1,12330340
Chr01_12330528_13051606,0.284151097225873,0.232663093093968,0.7096793792488415,1,12330528
Chr01_13051607_13052006,0.828868781362497,0.8911429405256,0.9756845811133825,1,13051607
Chr01_13052007_13382483,0.828868781362497,0.8911429405256,0.9756845811133825,1,13052007
Chr01_13382484_13382509,0.828868781362497,0.8911429405256,0.9756845811133825,1,13382484
Chr01_13382510_13576339,0.828868781362497,0.8911429405256,0.9756845811133825,1,13382510
Chr01_13576340_13576350,0.828868781362497,0.8911429405256,0.9756845811133825,1,13576340
Chr01_13576351_14061355,0.828868781362497,0.8911429405256,0.9756845811133825,1,13576351
Chr01_14061356_14061634,0.828868781362497,0.8911429405256,0.9756845811133825,1,14061356
Chr01_14061635_14604721,0.828868781362497,0.8911429405256,0.9756845811133825,1,14061635
Chr01_14604722_14607157,0.828868781362497,0.8911429405256,0.9756845811133825,1,14604722
Chr01_14607158_15449572,0.828868781362497,0.8911429405256,0.9756845811133825,1,14607158
Chr01_15449573_15456448,0.828868781362497,0.8911429405256,0.9756845811133825,1,15449573
Chr01_15456449_16406535,0.280580456295973,0.22953260271241,0.7096793792488415,1,15456449
Chr01_16406536_16454790,0.280580456295973,0.22953260271241,0.7096793792488415,1,16406536
Chr01_16454791_19216253,0.0529349532165393,0.0332795023163452,0.40863557630721775,1,16454791
Chr01_19216254_19216663,0.376482091967152,"NA",NA,1,19216254
Chr01_19216664_20661429,0.677527807519373,0.618677522403885,0.8863185822525875,1,19216664
Chr01_20661430_20662913,0.677527807519373,0.618677522403885,0.8863185822525875,1,20661430
Chr01_20662914_21251875,0.677527807519373,0.618677522403885,0.8863185822525875,1,20662914
Chr01_21251876_21488109,0.677527807519373,0.618677522403885,0.8863185822525875,1,21251876
Chr01_21488110_22523058,0.677527807519373,0.618677522403885,0.8863185822525875,1,21488110
Chr01_22523059_22523376,0.677527807519373,0.618677522403885,0.8863185822525875,1,22523059
Chr01_22523377_25610270,0.677527807519373,0.618677522403885,0.8863185822525875,1,22523377
Chr01_25610271_25623774,0.376482091967152,"NA",NA,1,25610271
Chr01_25623775_25991881,0.376482091967152,"NA",NA,1,25623775
Chr01_25991882_26001088,0.376482091967152,"NA",NA,1,25991882
Chr01_26001089_26286066,0.376482091967152,"NA",NA,1,26001089
Chr01_26286067_26293474,0.376482091967152,"NA",NA,1,26286067
Chr01_26293475_26583692,0.376482091967152,"NA",NA,1,26293475
Chr01_26583693_26647317,0.376482091967152,"NA",NA,1,26583693
Chr01_26647318_27308826,0.104945736407957,0.121570571930943,0.5973951760477522,1,26647318
Chr01_27308827_27314420,0.104945736407957,0.121570571930943,0.5973951760477522,1,27308827
Chr01_27314421_27701084,0.104945736407957,0.121570571930943,0.5973951760477522,1,27314421
Chr01_27701085_27712150,0.104945736407957,0.121570571930943,0.5973951760477522,1,27701085
Chr01_27712151_27987745,0.104945736407957,0.121570571930943,0.5973951760477522,1,27712151
Chr01_27987746_27996902,0.104945736407957,0.121570571930943,0.5973951760477522,1,27987746
Chr01_27996903_28327995,0.104945736407957,0.121570571930943,0.5973951760477522,1,27996903
Chr01_28327996_28328780,0.104945736407957,0.121570571930943,0.5973951760477522,1,28327996
Chr01_28328781_28712697,0.104945736407957,0.121570571930943,0.5973951760477522,1,28328781
Chr01_28712698_28712702,0.104945736407957,0.121570571930943,0.5973951760477522,1,28712698
Chr01_28712703_29260469,0.104945736407957,0.121570571930943,0.5973951760477522,1,28712703
Chr01_29260470_29264772,0.104945736407957,0.121570571930943,0.5973951760477522,1,29260470
Chr01_29264773_29827856,0.918289730304419,0.828694152847401,0.9756845811133825,1,29264773
Chr01_29827857_29864780,0.918289730304419,0.828694152847401,0.9756845811133825,1,29827857
Chr01_29864781_30461232,0.918289730304419,0.828694152847401,0.9756845811133825,1,29864781
Chr01_30461233_30463952,0.104945736407957,0.121570571930943,0.5973951760477522,1,30461233
Chr01_30463953_31287140,0.348959979305396,0.40568529702912,0.738638170288079,1,30463953
Chr01_31287141_31299042,0.348959979305396,0.40568529702912,0.738638170288079,1,31287141
Chr01_31299043_32249075,0.0615780999061055,0.0794376192925588,0.5120607743233418,1,31299043
Chr01_32249076_32254238,0.0615780999061055,0.0794376192925588,0.5120607743233418,1,32249076
Chr01_32254239_32925441,0.0615780999061055,0.0794376192925588,0.5120607743233418,1,32254239
Chr01_32925442_32925676,0.0615780999061055,0.0794376192925588,0.5120607743233418,1,32925442
Chr01_32925677_33648211,0.0615780999061055,0.0794376192925588,0.5120607743233418,1,32925677
Chr01_33648212_33648861,0.0615780999061055,0.0794376192925588,0.5120607743233418,1,33648212
Chr01_33648862_33944256,0.0615780999061055,0.0794376192925588,0.5120607743233418,1,33648862
Chr01_33944257_33944395,0.0615780999061055,0.0794376192925588,0.5120607743233418,1,33944257
Chr01_33944396_34707623,0.119040171814402,0.154134717619659,0.6676736109211768,1,33944396
Chr01_34707624_34711948,0.119040171814402,0.154134717619659,0.6676736109211768,1,34707624
Chr01_34711949_35098398,0.293078080007686,0.370391626769469,0.7290399729821938,1,34711949
Chr01_35098399_35197978,0.293078080007686,0.370391626769469,0.7290399729821938,1,35098399
Chr01_35197979_35842906,0.293078080007686,0.370391626769469,0.7290399729821938,1,35197979
Chr01_35842907_35842941,0.293078080007686,0.370391626769469,0.7290399729821938,1,35842907
Chr01_35842942_36467175,0.293078080007686,0.370391626769469,0.7290399729821938,1,35842942
Chr01_36467176_36477457,0.816462988113594,0.936847922392768,0.9756845811133825,1,36467176
Chr01_36477458_36677915,0.816462988113594,0.936847922392768,0.9756845811133825,1,36477458
Chr01_36677916_36678639,0.816462988113594,0.936847922392768,0.9756845811133825,1,36677916
Chr01_36678640_37008510,0.816462988113594,0.936847922392768,0.9756845811133825,1,36678640
Chr01_37008511_37008685,0.816462988113594,0.936847922392768,0.9756845811133825,1,37008511
Chr01_37008686_37399402,0.816462988113594,0.936847922392768,0.9756845811133825,1,37008686
Chr01_37399403_37399747,0.816462988113594,0.936847922392768,0.9756845811133825,1,37399403
Chr01_37399748_38492440,0.816462988113594,0.936847922392768,0.9756845811133825,1,37399748
Chr01_38492441_38553272,0.816462988113594,0.936847922392768,0.9756845811133825,1,38492441
Chr01_38553273_41248221,0.293078080007686,0.370391626769469,0.7290399729821938,1,38553273
Chr01_41248222_41249634,0.293078080007686,0.370391626769469,0.7290399729821938,1,41248222
Chr01_41249635_41946984,0.190844864860744,0.257066205154728,0.7096793792488415,1,41249635
Chr01_41946985_41946999,0.190844864860744,0.257066205154728,0.7096793792488415,1,41946985
Chr01_41947000_42826924,0.0962691783244581,0.136185789618985,0.6223690585587615,1,41947000
Chr01_42826925_42828044,0.0962691783244581,0.136185789618985,0.6223690585587615,1,42826925
Chr01_42828045_44953517,0.0962691783244581,0.136185789618985,0.6223690585587615,1,42828045
Chr01_44953518_50495391,0.0158522965139426,0.0238309130032621,0.3250963355967397,1,44953518
Chr02_1_4524,0.501241772305285,0.397483331282713,0.7290399729821938,2,1
Chr02_4525_349303,0.501241772305285,0.397483331282713,0.7290399729821938,2,4525
Chr02_349304_361275,0.501241772305285,0.397483331282713,0.7290399729821938,2,349304
Chr02_361276_876244,0.501241772305285,0.397483331282713,0.7290399729821938,2,361276
Chr02_876245_880558,0.501241772305285,0.397483331282713,0.7290399729821938,2,876245
Chr02_880559_1380844,0.168717102911096,0.112716419315269,0.5973951760477522,2,880559
Chr02_1380845_1380870,0.168717102911096,0.112716419315269,0.5973951760477522,2,1380845
Chr02_1380871_1588241,0.168717102911096,0.112716419315269,0.5973951760477522,2,1380871
Chr02_1588242_1591077,0.501241772305285,0.397483331282713,0.7290399729821938,2,1588242
Chr02_1591078_2117143,0.501241772305285,0.397483331282713,0.7290399729821938,2,1591078
Chr02_2117144_2118662,0.881983630951909,0.971435238269821,0.9756845811133825,2,2117144
Chr02_2118663_2439301,0.881983630951909,0.971435238269821,0.9756845811133825,2,2118663
Chr02_2439302_2439318,0.881983630951909,0.971435238269821,0.9756845811133825,2,2439302
Chr02_2439319_3802076,0.881983630951909,0.971435238269821,0.9756845811133825,2,2439319
Chr02_3802077_3811171,0.881983630951909,0.971435238269821,0.9756845811133825,2,3802077
Chr02_3811172_4203782,0.881983630951909,0.971435238269821,0.9756845811133825,2,3811172
Chr02_4203783_4204963,0.881983630951909,0.971435238269821,0.9756845811133825,2,4203783
Chr02_4204964_5059530,0.881983630951909,0.971435238269821,0.9756845811133825,2,4204964
Chr02_5059531_5059566,0.881983630951909,0.971435238269821,0.9756845811133825,2,5059531
Chr02_5059567_5396611,0.881983630951909,0.971435238269821,0.9756845811133825,2,5059567
Chr02_5396612_5398283,0.881983630951909,0.971435238269821,0.9756845811133825,2,5396612
Chr02_5398284_5923170,0.881983630951909,0.971435238269821,0.9756845811133825,2,5398284
Chr02_5923171_5954021,0.881983630951909,0.971435238269821,0.9756845811133825,2,5923171
Chr02_5954022_6493859,0.881983630951909,0.971435238269821,0.9756845811133825,2,5954022
Chr02_6493860_6498865,0.995538396595964,0.9316163102992,0.9756845811133825,2,6493860
Chr02_6498866_6748647,0.995538396595964,0.9316163102992,0.9756845811133825,2,6498866
Chr02_6748648_6759682,0.995538396595964,0.9316163102992,0.9756845811133825,2,6748648
Chr02_6759683_7031301,0.965642639610729,0.875735930908333,0.9756845811133825,2,6759683
Chr02_7031302_7048371,0.965642639610729,0.875735930908333,0.9756845811133825,2,7031302
Chr02_7048372_7535720,0.306154442794515,0.240008253285803,0.7096793792488415,2,7048372
Chr02_7535721_7537775,0.209417615980967,0.168217256855682,0.7096793792488415,2,7535721
Chr02_7537776_7944758,0.209417615980967,0.168217256855682,0.7096793792488415,2,7537776
Chr02_7944759_7947379,0.0820992281917579,0.0679368926738488,0.5120607743233418,2,7944759
Chr02_7947380_8614429,0.247702541148983,0.200867397053082,0.7096793792488415,2,7947380
Chr02_8614430_8625186,0.247702541148983,0.200867397053082,0.7096793792488415,2,8614430
Chr02_8625187_9195211,0.247702541148983,0.200867397053082,0.7096793792488415,2,8625187
Chr02_9195212_9195222,0.247702541148983,0.200867397053082,0.7096793792488415,2,9195212
Chr02_9195223_9912687,0.247702541148983,0.200867397053082,0.7096793792488415,2,9195223
Chr02_9912688_9912975,0.247702541148983,0.200867397053082,0.7096793792488415,2,9912688
Chr02_9912976_10267833,0.335027278198943,0.26485634310584,0.7096793792488415,2,9912976
Chr02_10267834_10267871,0.335027278198943,0.26485634310584,0.7096793792488415,2,10267834
Chr02_10267872_10413420,0.335027278198943,0.26485634310584,0.7096793792488415,2,10267872
Chr02_10413421_10413478,0.335027278198943,0.26485634310584,0.7096793792488415,2,10413421
Chr02_10413479_11173441,0.335027278198943,0.26485634310584,0.7096793792488415,2,10413479
Chr02_11173442_11173501,0.922486751124104,0.986030216599395,0.986030216599395,2,11173442
Chr02_11173502_11801906,0.976784897971685,0.933364743583902,0.9756845811133825,2,11173502
Chr02_11801907_12265594,0.976784897971685,0.933364743583902,0.9756845811133825,2,11801907
Chr02_12265595_12817972,0.976784897971685,0.933364743583902,0.9756845811133825,2,12265595
Chr02_12817973_12824108,0.976784897971685,0.933364743583902,0.9756845811133825,2,12817973
Chr02_12824109_13491547,0.976784897971685,0.933364743583902,0.9756845811133825,2,12824109
Chr02_13491548_13517019,0.976784897971685,0.933364743583902,0.9756845811133825,2,13491548
Chr02_13517020_14119781,0.976784897971685,0.933364743583902,0.9756845811133825,2,13517020
Chr02_14119782_14120038,0.954445233597478,0.891626710103145,0.9756845811133825,2,14119782
Chr02_14120039_14602012,0.954445233597478,0.891626710103145,0.9756845811133825,2,14120039
Chr02_14602013_14602277,0.954445233597478,0.891626710103145,0.9756845811133825,2,14602013
Chr02_14602278_15318678,0.319120055371601,0.265284090680665,0.7096793792488415,2,14602278
Chr02_15318679_15347678,0.319120055371601,0.265284090680665,0.7096793792488415,2,15318679
Chr02_15347679_15710186,0.319120055371601,0.265284090680665,0.7096793792488415,2,15347679
Chr02_15710187_15710672,0.319120055371601,0.265284090680665,0.7096793792488415,2,15710187
Chr02_15710673_16424164,0.319120055371601,0.265284090680665,0.7096793792488415,2,15710673
Chr02_16424165_16424173,0.954445233597478,0.891626710103145,0.9756845811133825,2,16424165
Chr02_16424174_19450199,0.954445233597478,0.891626710103145,0.9756845811133825,2,16424174
Chr02_19450200_19450542,0.954445233597478,0.891626710103145,0.9756845811133825,2,19450200
Chr02_19450543_21586712,0.954445233597478,0.891626710103145,0.9756845811133825,2,19450543
Chr02_21586713_21615015,0.954445233597478,0.891626710103145,0.9756845811133825,2,21586713
Chr02_21615016_22274911,0.954445233597478,0.891626710103145,0.9756845811133825,2,21615016
Chr02_22274912_22275977,0.954445233597478,0.891626710103145,0.9756845811133825,2,22274912
Chr02_22275978_23006865,0.954445233597478,0.891626710103145,0.9756845811133825,2,22275978
Chr02_23006866_23006973,0.954445233597478,0.891626710103145,0.9756845811133825,2,23006866
Chr02_23006974_23411993,0.954445233597478,0.891626710103145,0.9756845811133825,2,23006974
Chr02_23411994_23412006,0.954445233597478,0.891626710103145,0.9756845811133825,2,23411994
Chr02_23412007_23945659,0.941041395297039,0.971541557875629,0.9756845811133825,2,23412007
Chr02_23945660_23950242,0.941041395297039,0.971541557875629,0.9756845811133825,2,23945660
Chr02_23950243_24283667,0.941041395297039,0.971541557875629,0.9756845811133825,2,23950243
Chr02_24283668_24284547,0.941041395297039,0.971541557875629,0.9756845811133825,2,24283668
Chr02_24284548_24771958,0.941041395297039,0.971541557875629,0.9756845811133825,2,24284548
Chr02_24771959_24772778,0.941041395297039,0.971541557875629,0.9756845811133825,2,24771959
Chr02_24772779_25141874,0.941041395297039,0.971541557875629,0.9756845811133825,2,24772779
Chr02_25141875_25263035,0.941041395297039,0.971541557875629,0.9756845811133825,2,25141875
Chr03_1_106416,0.547176700924894,0.425879493256586,0.7493705915571648,3,1
Chr03_106417_526428,0.547176700924894,0.425879493256586,0.7493705915571648,3,106417
Chr03_526429_537201,0.547176700924894,0.425879493256586,0.7493705915571648,3,526429
Chr03_537202_1923686,0.547176700924894,0.425879493256586,0.7493705915571648,3,537202
Chr03_1923687_1923687,0.733799985679755,0.611835557878344,0.8862404118871733,3,1923687
Chr03_1923688_2743575,0.733799985679755,0.611835557878344,0.8862404118871733,3,1923688
Chr03_2743576_2744190,0.733799985679755,0.611835557878344,0.8862404118871733,3,2743576
Chr03_2744191_3884923,0.733799985679755,0.611835557878344,0.8862404118871733,3,2744191
Chr03_3884924_3893054,0.735150790555138,0.629990171387392,0.8969018950904615,3,3884924
Chr03_3893055_4059970,0.735150790555138,0.629990171387392,0.8969018950904615,3,3893055
Chr03_4059971_4075833,0.735150790555138,0.629990171387392,0.8969018950904615,3,4059971
Chr03_4075834_5903046,0.735150790555138,0.629990171387392,0.8969018950904615,3,4075834
Chr03_5903047_5903373,0.527343600550612,0.45320088756742,0.7656665642081736,3,5903047
Chr03_5903374_7969157,0.871960929089676,0.762306164321985,0.9704008832733904,3,5903374
Chr03_7969158_8274732,0.376482091967152,"NA",NA,3,7969158
Chr03_8274733_9254843,0.376482091967152,"NA",NA,3,8274733
Chr03_9254844_9254878,0.376482091967152,"NA",NA,3,9254844
Chr03_9254879_10127794,0.376482091967152,"NA",NA,3,9254879
Chr03_10127795_10139932,0.376482091967152,"NA",NA,3,10127795
Chr03_10139933_10720024,0.503501580425916,0.553284296631756,0.8372547137771937,3,10139933
Chr03_10720025_10726457,0.503501580425916,0.553284296631756,0.8372547137771937,3,10720025
Chr03_10726458_10961187,0.503501580425916,0.553284296631756,0.8372547137771937,3,10726458
Chr03_10961188_10961225,0.503501580425916,0.553284296631756,0.8372547137771937,3,10961188
Chr03_10961226_11253789,0.503501580425916,0.553284296631756,0.8372547137771937,3,10961226
Chr03_11253790_11253893,0.503501580425916,0.553284296631756,0.8372547137771937,3,11253790
Chr03_11253894_11536633,0.503501580425916,0.553284296631756,0.8372547137771937,3,11253894
Chr03_11536634_11536648,0.503501580425916,0.553284296631756,0.8372547137771937,3,11536634
Chr03_11536649_12459385,0.503501580425916,0.553284296631756,0.8372547137771937,3,11536649
Chr03_12459386_12462540,0.503501580425916,0.553284296631756,0.8372547137771937,3,12459386
Chr03_12462541_13066986,0.650643283548957,0.729168561005258,0.941327775083059,3,12462541
Chr03_13066987_13068914,0.650643283548957,0.729168561005258,0.941327775083059,3,13066987
Chr03_13068915_13625984,0.650643283548957,0.729168561005258,0.941327775083059,3,13068915
Chr03_13625985_13626006,0.650643283548957,0.729168561005258,0.941327775083059,3,13625985
Chr03_13626007_14147424,0.30184060124813,0.239094724500544,0.7096793792488415,3,13626007
Chr03_14147425_14147618,0.30184060124813,0.239094724500544,0.7096793792488415,3,14147425
Chr03_14147619_14500824,0.30184060124813,0.239094724500544,0.7096793792488415,3,14147619
Chr03_14500825_14501741,0.30184060124813,0.239094724500544,0.7096793792488415,3,14500825
Chr03_14501742_14890630,0.30184060124813,0.239094724500544,0.7096793792488415,3,14501742
Chr03_14890631_14891342,0.30184060124813,0.239094724500544,0.7096793792488415,3,14890631
Chr03_14891343_15371439,0.25728131312565,0.193185030369729,0.7096793792488415,3,14891343
Chr03_15371440_15406238,0.25728131312565,0.193185030369729,0.7096793792488415,3,15371440
Chr03_15406239_15899985,0.25728131312565,0.193185030369729,0.7096793792488415,3,15406239
Chr03_15899986_15902720,0.25728131312565,0.193185030369729,0.7096793792488415,3,15899986
Chr03_15902721_16188167,0.25728131312565,0.193185030369729,0.7096793792488415,3,15902721
Chr03_16188168_16189364,0.30184060124813,0.239094724500544,0.7096793792488415,3,16188168
Chr03_16189365_16494570,0.30184060124813,0.239094724500544,0.7096793792488415,3,16189365
Chr03_16494571_16498778,0.30184060124813,0.239094724500544,0.7096793792488415,3,16494571
Chr03_16498779_16962746,0.30184060124813,0.239094724500544,0.7096793792488415,3,16498779
Chr03_16962747_16963027,0.30184060124813,0.239094724500544,0.7096793792488415,3,16962747
Chr03_16963028_17401125,0.30184060124813,0.239094724500544,0.7096793792488415,3,16963028
Chr03_17401126_17402555,0.30184060124813,0.239094724500544,0.7096793792488415,3,17401126
Chr03_17402556_18052868,0.30184060124813,0.239094724500544,0.7096793792488415,3,17402556
Chr03_18052869_18156486,0.30184060124813,0.239094724500544,0.7096793792488415,3,18052869
Chr03_18156487_19255904,0.30184060124813,0.239094724500544,0.7096793792488415,3,18156487
Chr03_19255905_19255931,0.30184060124813,0.239094724500544,0.7096793792488415,3,19255905
Chr03_19255932_20053666,0.30184060124813,0.239094724500544,0.7096793792488415,3,19255932
Chr03_20053667_21816808,0.0806457968968477,0.0536730236956167,0.4945359085113506,3,20053667
Chr04_1_60379,0.0357143380088838,0.0183478826055552,0.29908734791048536,4,1
Chr04_60380_871979,0.0357143380088838,0.0183478826055552,0.29908734791048536,4,60380
Chr04_871980_872101,0.149771022518504,0.101031519670788,0.5761200198985823,4,871980
Chr04_872102_1430273,0.201777695861377,0.13581571859371,0.6223690585587615,4,872102
Chr04_1430274_1430677,0.201777695861377,0.13581571859371,0.6223690585587615,4,1430274
Chr04_1430678_2488919,0.201777695861377,0.13581571859371,0.6223690585587615,4,1430678
Chr04_2488920_2489076,0.201777695861377,0.13581571859371,0.6223690585587615,4,2488920
Chr04_2489077_3015345,0.201777695861377,0.13581571859371,0.6223690585587615,4,2489077
Chr04_3015346_3039820,0.201777695861377,0.13581571859371,0.6223690585587615,4,3015346
Chr04_3039821_3679193,0.201777695861377,0.13581571859371,0.6223690585587615,4,3039821
Chr04_3679194_3679320,0.300035367311895,0.221486774972686,0.7096793792488415,4,3679194
Chr04_3679321_4621560,0.207882869402903,0.140453691984271,0.632387558983368,4,3679321
Chr04_4621561_4621766,0.207882869402903,0.140453691984271,0.632387558983368,4,4621561
Chr04_4621767_5680104,0.207882869402903,0.140453691984271,0.632387558983368,4,4621767
Chr04_5680105_5693816,0.635347504334063,0.511692136542329,0.8058087344695073,4,5680105
Chr04_5693817_6604155,0.667746791549864,0.527910366579761,0.813676349163409,4,5693817
Chr04_6604156_6604164,0.788923990048536,0.665893615255117,0.9249646874516367,4,6604156
Chr04_6604165_7681461,0.788923990048536,0.665893615255117,0.9249646874516367,4,6604165
Chr04_7681462_7681481,0.757210872945745,0.652811029230289,0.9095568303604942,4,7681462
Chr04_7681482_8792851,0.757210872945745,0.652811029230289,0.9095568303604942,4,7681482
Chr04_8792852_8792885,0.757210872945745,0.652811029230289,0.9095568303604942,4,8792852
Chr04_8792886_9239982,0.757210872945745,0.652811029230289,0.9095568303604942,4,8792886
Chr04_9239983_9243613,0.757210872945745,0.652811029230289,0.9095568303604942,4,9239983
Chr04_9243614_11301819,0.757210872945745,0.652811029230289,0.9095568303604942,4,9243614
Chr04_11301820_11302602,0.376482091967152,"NA",NA,4,11301820
Chr04_11302603_15406848,0.313432187294711,0.350643695718425,0.7290399729821938,4,11302603
Chr04_15406849_15406991,0.313432187294711,0.350643695718425,0.7290399729821938,4,15406849
Chr04_15406992_16569062,0.313432187294711,0.350643695718425,0.7290399729821938,4,15406992
Chr04_16569063_16569692,0.313432187294711,0.350643695718425,0.7290399729821938,4,16569063
Chr04_16569693_17499042,0.313432187294711,0.350643695718425,0.7290399729821938,4,16569693
Chr04_17499043_17500484,0.313432187294711,0.350643695718425,0.7290399729821938,4,17499043
Chr04_17500485_18088853,0.313432187294711,0.350643695718425,0.7290399729821938,4,17500485
Chr04_18088854_18090354,0.313432187294711,0.350643695718425,0.7290399729821938,4,18088854
Chr04_18090355_18758035,0.313432187294711,0.350643695718425,0.7290399729821938,4,18090355
Chr04_18758036_18759258,0.313432187294711,0.350643695718425,0.7290399729821938,4,18758036
Chr04_18759259_19314881,0.313432187294711,0.350643695718425,0.7290399729821938,4,18759259
Chr04_19314882_19315212,0.313432187294711,0.350643695718425,0.7290399729821938,4,19314882
Chr04_19315213_19574666,0.313432187294711,0.350643695718425,0.7290399729821938,4,19315213
Chr04_19574667_19576084,0.313432187294711,0.350643695718425,0.7290399729821938,4,19574667
Chr04_19576085_20375262,0.313432187294711,0.350643695718425,0.7290399729821938,4,19576085
Chr04_20375263_20379610,0.313432187294711,0.350643695718425,0.7290399729821938,4,20375263
Chr04_20379611_20827096,0.313432187294711,0.350643695718425,0.7290399729821938,4,20379611
Chr04_20827097_20828255,0.313432187294711,0.350643695718425,0.7290399729821938,4,20827097
Chr04_20828256_21207018,0.313432187294711,0.350643695718425,0.7290399729821938,4,20828256
Chr04_21207019_21217226,0.313432187294711,0.350643695718425,0.7290399729821938,4,21207019
Chr04_21217227_21635086,0.313432187294711,0.350643695718425,0.7290399729821938,4,21217227
Chr04_21635087_21635139,0.313432187294711,0.350643695718425,0.7290399729821938,4,21635087
Chr04_21635140_22329114,0.313432187294711,0.350643695718425,0.7290399729821938,4,21635140
Chr04_22329115_22346222,0.313432187294711,0.350643695718425,0.7290399729821938,4,22329115
Chr04_22346223_23215322,0.313432187294711,0.350643695718425,0.7290399729821938,4,22346223
Chr04_23215323_23215469,0.313432187294711,0.350643695718425,0.7290399729821938,4,23215323
Chr04_23215470_23353865,0.313432187294711,0.350643695718425,0.7290399729821938,4,23215470
Chr04_23353866_23365679,0.313432187294711,0.350643695718425,0.7290399729821938,4,23353866
Chr04_23365680_24212987,0.313432187294711,0.350643695718425,0.7290399729821938,4,23365680
Chr04_24212988_24267051,0.313432187294711,0.350643695718425,0.7290399729821938,4,24212988
Chr05_1_2455,0.541582630205688,0.398818365964001,0.7290399729821938,5,1
Chr05_2456_233879,0.541582630205688,0.398818365964001,0.7290399729821938,5,2456
Chr05_233880_233961,0.541582630205688,0.398818365964001,0.7290399729821938,5,233880
Chr05_233962_298267,0.541582630205688,0.398818365964001,0.7290399729821938,5,233962
Chr05_298268_299973,0.541582630205688,0.398818365964001,0.7290399729821938,5,298268
Chr05_299974_977551,0.541582630205688,0.398818365964001,0.7290399729821938,5,299974
Chr05_977552_977727,0.541582630205688,0.398818365964001,0.7290399729821938,5,977552
Chr05_977728_1700771,0.541582630205688,0.398818365964001,0.7290399729821938,5,977728
Chr05_1700772_1701064,0.541582630205688,0.398818365964001,0.7290399729821938,5,1700772
Chr05_1701065_2022055,0.541582630205688,0.398818365964001,0.7290399729821938,5,1701065
Chr05_2022056_2023093,0.541582630205688,0.398818365964001,0.7290399729821938,5,2022056
Chr05_2023094_2828367,0.541582630205688,0.398818365964001,0.7290399729821938,5,2023094
Chr05_2828368_2831066,0.541582630205688,0.398818365964001,0.7290399729821938,5,2828368
Chr05_2831067_3339589,0.541582630205688,0.398818365964001,0.7290399729821938,5,2831067
Chr05_3339590_3341550,0.256272419249987,0.173409244779029,0.7096793792488415,5,3339590
Chr05_3341551_3707259,0.256272419249987,0.173409244779029,0.7096793792488415,5,3341551
Chr05_3707260_3707643,0.720688310195821,0.584541658368325,0.8715678234072577,5,3707260
Chr05_3707644_4690548,0.720688310195821,0.584541658368325,0.8715678234072577,5,3707644
Chr05_4690549_4691173,0.720688310195821,0.584541658368325,0.8715678234072577,5,4690549
Chr05_4691174_5438561,0.720688310195821,0.584541658368325,0.8715678234072577,5,4691174
Chr05_5438562_5438584,0.720688310195821,0.584541658368325,0.8715678234072577,5,5438562
Chr05_5438585_5830688,0.720688310195821,0.584541658368325,0.8715678234072577,5,5438585
Chr05_5830689_5831721,0.720688310195821,0.584541658368325,0.8715678234072577,5,5830689
Chr05_5831722_6053795,0.720688310195821,0.584541658368325,0.8715678234072577,5,5831722
Chr05_6053796_8364906,0.720688310195821,0.584541658368325,0.8715678234072577,5,6053796
Chr05_8364907_8727528,0.550670672854712,0.457272355011865,0.7682848023544937,5,8364907
Chr05_8727529_8771223,0.550670672854712,0.457272355011865,0.7682848023544937,5,8727529
Chr05_8771224_9570943,0.550670672854712,0.457272355011865,0.7682848023544937,5,8771224
Chr05_9570944_9570948,0.506909024939214,0.434256286923593,0.7493705915571648,5,9570944
Chr05_9570949_10935315,0.506909024939214,0.434256286923593,0.7493705915571648,5,9570949
Chr05_10935316_10935416,0.506909024939214,0.434256286923593,0.7493705915571648,5,10935316
Chr05_10935417_11899786,0.506909024939214,0.434256286923593,0.7493705915571648,5,10935417
Chr05_11899787_11901447,0.0597425737996138,0.0490193134407741,0.4664081322329783,5,11899787
Chr05_11901448_13455218,0.115300910658488,0.0891440284885558,0.5431842802569333,5,11901448
Chr05_13455219_13455274,0.376482091967152,"NA",NA,5,13455219
Chr05_13455275_17921116,0.376482091967152,"NA",NA,5,13455275
Chr05_17921117_17922023,0.376482091967152,"NA",NA,5,17921117
Chr05_17922024_19267669,0.04138715154944,0.0490193134407773,0.4664081322329783,5,17922024
Chr05_19267670_19267875,0.04138715154944,0.0490193134407773,0.4664081322329783,5,19267670
Chr05_19267876_19619032,0.04138715154944,0.0490193134407773,0.4664081322329783,5,19267876
Chr05_19619033_19619349,0.04138715154944,0.0490193134407773,0.4664081322329783,5,19619033
Chr05_19619350_20528089,0.04138715154944,0.0490193134407773,0.4664081322329783,5,19619350
Chr05_20528090_20538257,0.04138715154944,0.0490193134407773,0.4664081322329783,5,20528090
Chr05_20538258_21142688,0.04138715154944,0.0490193134407773,0.4664081322329783,5,20538258
Chr05_21142689_21206441,0.04138715154944,0.0490193134407773,0.4664081322329783,5,21142689
Chr05_21206442_21547330,0.04138715154944,0.0490193134407773,0.4664081322329783,5,21206442
Chr05_21547331_21547901,0.04138715154944,0.0490193134407773,0.4664081322329783,5,21547331
Chr05_21547902_22130043,0.00250131177326725,0.00332805420397643,0.15209207712172285,5,21547902
Chr05_22130044_22141443,0.00250131177326725,0.00332805420397643,0.15209207712172285,5,22130044
Chr05_22141444_22484512,0.00250131177326725,0.00332805420397643,0.15209207712172285,5,22141444
Chr05_22484513_22484573,0.00250131177326725,0.00332805420397643,0.15209207712172285,5,22484513
Chr05_22484574_23162182,0.00250131177326725,0.00332805420397643,0.15209207712172285,5,22484574
Chr05_23162183_23162355,0.00250131177326725,0.00332805420397643,0.15209207712172285,5,23162183
Chr05_23162356_23643671,0.00250131177326725,0.00332805420397643,0.15209207712172285,5,23162356
Chr05_23643672_23643758,0.00250131177326725,0.00332805420397643,0.15209207712172285,5,23643672
Chr05_23643759_24127335,0.00851537040610525,0.0115694864217503,0.22498958701020796,5,23643759
Chr05_24127336_24170895,0.00851537040610525,0.0115694864217503,0.22498958701020796,5,24127336
Chr05_24170896_24329822,0.00851537040610525,0.0115694864217503,0.22498958701020796,5,24170896
Chr05_24329823_24329978,0.00851537040610525,0.0115694864217503,0.22498958701020796,5,24329823
Chr05_24329979_24697349,0.00851537040610525,0.0115694864217503,0.22498958701020796,5,24329979
Chr05_24697350_24697359,0.00851537040610525,0.0115694864217503,0.22498958701020796,5,24697350
Chr05_24697360_24981555,0.00127852957508255,0.00184502982160325,0.15209207712172285,5,24697360
Chr05_24981556_24990031,0.00127852957508255,0.00184502982160325,0.15209207712172285,5,24981556
Chr05_24990032_25290582,0.00127852957508255,0.00184502982160325,0.15209207712172285,5,24990032
Chr05_25290583_25776715,0.00214001546791531,0.00313555062070134,0.15209207712172285,5,25290583
Chr05_25776716_25778964,0.00214001546791531,0.00313555062070134,0.15209207712172285,5,25776716
Chr05_25778965_25878632,0.00214001546791531,0.00313555062070134,0.15209207712172285,5,25778965
Chr05_25878633_25890704,0.00214001546791531,0.00313555062070134,0.15209207712172285,5,25878633
Chr06_1_259995,0.298602173278996,0.22558794502335,0.7096793792488415,6,1
Chr06_259996_397295,0.298602173278996,0.22558794502335,0.7096793792488415,6,259996
Chr06_397296_397486,0.298602173278996,0.22558794502335,0.7096793792488415,6,397296
Chr06_397487_679655,0.355956492930895,0.263498310159026,0.7096793792488415,6,397487
Chr06_679656_680000,0.355956492930895,0.263498310159026,0.7096793792488415,6,679656
Chr06_680001_1379924,0.355956492930895,0.263498310159026,0.7096793792488415,6,680001
Chr06_1379925_1379928,0.355956492930895,0.263498310159026,0.7096793792488415,6,1379925
Chr06_1379929_2161351,0.355956492930895,0.263498310159026,0.7096793792488415,6,1379929
Chr06_2161352_2162741,0.355956492930895,0.263498310159026,0.7096793792488415,6,2161352
Chr06_2162742_2812365,0.355956492930895,0.263498310159026,0.7096793792488415,6,2162742
Chr06_2812366_2854281,0.546018851137869,0.441550623435704,0.7493705915571648,6,2812366
Chr06_2854282_3591118,0.546018851137869,0.441550623435704,0.7493705915571648,6,2854282
Chr06_3591119_3591161,0.480782757097249,0.397403213010881,0.7290399729821938,6,3591119
Chr06_3591162_4332358,0.480782757097249,0.397403213010881,0.7290399729821938,6,3591162
Chr06_4332359_4333525,0.480782757097249,0.397403213010881,0.7290399729821938,6,4332359
Chr06_4333526_4729813,0.925926485123089,0.805328613101119,0.9756845811133825,6,4333526
Chr06_4729814_4730190,0.925926485123089,0.805328613101119,0.9756845811133825,6,4729814
Chr06_4730191_4943086,0.925926485123089,0.805328613101119,0.9756845811133825,6,4730191
Chr06_4943087_4945020,0.925926485123089,0.805328613101119,0.9756845811133825,6,4943087
Chr06_4945021_5645609,0.925926485123089,0.805328613101119,0.9756845811133825,6,4945021
Chr06_5645610_5645657,0.925926485123089,0.805328613101119,0.9756845811133825,6,5645610
Chr06_5645658_6007252,0.925926485123089,0.805328613101119,0.9756845811133825,6,5645658
Chr06_6007253_6023229,0.925926485123089,0.805328613101119,0.9756845811133825,6,6007253
Chr06_6023230_6323822,0.925926485123089,0.805328613101119,0.9756845811133825,6,6023230
Chr06_6323823_6326862,0.925926485123089,0.805328613101119,0.9756845811133825,6,6323823
Chr06_6326863_6574776,0.925926485123089,0.805328613101119,0.9756845811133825,6,6326863
Chr06_6574777_6576752,0.925926485123089,0.805328613101119,0.9756845811133825,6,6574777
Chr06_6576753_7113978,0.925926485123089,0.805328613101119,0.9756845811133825,6,6576753
Chr06_7113979_7113996,0.925926485123089,0.805328613101119,0.9756845811133825,6,7113979
Chr06_7113997_7673552,0.925926485123089,0.805328613101119,0.9756845811133825,6,7113997
Chr06_7673553_7673592,0.925926485123089,0.805328613101119,0.9756845811133825,6,7673553
Chr06_7673593_7875888,0.925926485123089,0.805328613101119,0.9756845811133825,6,7673593
Chr06_7875889_7883252,0.925926485123089,0.805328613101119,0.9756845811133825,6,7875889
Chr06_7883253_8477750,0.925926485123089,0.805328613101119,0.9756845811133825,6,7883253
Chr06_8477751_8480774,0.925926485123089,0.805328613101119,0.9756845811133825,6,8477751
Chr06_8480775_8816554,0.925926485123089,0.805328613101119,0.9756845811133825,6,8480775
Chr06_8816555_8818505,0.925926485123089,0.805328613101119,0.9756845811133825,6,8816555
Chr06_8818506_9125750,0.925926485123089,0.805328613101119,0.9756845811133825,6,8818506
Chr06_9125751_9125978,0.925926485123089,0.805328613101119,0.9756845811133825,6,9125751
Chr06_9125979_9408072,0.925926485123089,0.805328613101119,0.9756845811133825,6,9125979
Chr06_9408073_9411952,0.525887467979544,0.61125638335299,0.8862404118871733,6,9408073
Chr06_9411953_9750202,0.525887467979544,0.61125638335299,0.8862404118871733,6,9411953
Chr06_9750203_9750817,0.525887467979544,0.61125638335299,0.8862404118871733,6,9750203
Chr06_9750818_10501424,0.525887467979544,0.61125638335299,0.8862404118871733,6,9750818
Chr06_10501425_10501502,0.525887467979544,0.61125638335299,0.8862404118871733,6,10501425
Chr06_10501503_10924054,0.525887467979544,0.61125638335299,0.8862404118871733,6,10501503
Chr06_10924055_10924251,0.525887467979544,0.61125638335299,0.8862404118871733,6,10924055
Chr06_10924252_11829405,0.525887467979544,0.61125638335299,0.8862404118871733,6,10924252
Chr06_11829406_11829488,0.525887467979544,0.61125638335299,0.8862404118871733,6,11829406
Chr06_11829489_12203082,0.525887467979544,0.61125638335299,0.8862404118871733,6,11829489
Chr06_12203083_12203332,0.379307288531386,0.437763946997529,0.7493705915571648,6,12203083
Chr06_12203333_13356130,0.379307288531386,0.437763946997529,0.7493705915571648,6,12203333
Chr06_13356131_13356606,0.297789318534731,0.333732507796892,0.7290399729821938,6,13356131
Chr06_13356607_16929528,0.640609662908176,0.718606853397114,0.9379558329336597,6,13356607
Chr06_16929529_16931258,0.705999633136142,0.647230851351519,0.9095568303604942,6,16929529
Chr06_16931259_18463096,0.705999633136142,0.647230851351519,0.9095568303604942,6,16931259
Chr06_18463097_18636101,0.705999633136142,0.647230851351519,0.9095568303604942,6,18463097
Chr06_18636102_19779022,0.705999633136142,0.647230851351519,0.9095568303604942,6,18636102
Chr06_19779023_19779612,0.705999633136142,0.647230851351519,0.9095568303604942,6,19779023
Chr06_19779613_20945407,0.428993613850044,0.493612266429762,0.7979634635907693,6,19779613
Chr06_20945408_20964449,0.705999633136142,0.647230851351519,0.9095568303604942,6,20945408
Chr06_20964450_21544394,0.428993613850044,0.493612266429762,0.7979634635907693,6,20964450
Chr06_21544395_21556767,0.428993613850044,0.493612266429762,0.7979634635907693,6,21544395
Chr06_21556768_22349429,0.838311131427112,0.946333210331689,0.9756845811133825,6,21556768
Chr06_22349430_22349443,0.420262547557351,0.354786953826092,0.7290399729821938,6,22349430
Chr06_22349444_22574746,0.420262547557351,0.354786953826092,0.7290399729821938,6,22349444
Chr06_22574747_22574770,0.420262547557351,0.354786953826092,0.7290399729821938,6,22574747
Chr06_22574771_22966028,0.838311131427112,0.946333210331689,0.9756845811133825,6,22574771
Chr06_22966029_22966159,0.838311131427112,0.946333210331689,0.9756845811133825,6,22966029
Chr06_22966160_23488310,0.838311131427112,0.946333210331689,0.9756845811133825,6,22966160
Chr06_23488311_23488483,0.838311131427112,0.946333210331689,0.9756845811133825,6,23488311
Chr06_23488484_23820127,0.838311131427112,0.946333210331689,0.9756845811133825,6,23488484
Chr06_23820128_23820128,0.838311131427112,0.946333210331689,0.9756845811133825,6,23820128
Chr06_23820129_23984701,0.838311131427112,0.946333210331689,0.9756845811133825,6,23820129
Chr06_23984702_23984901,0.838311131427112,0.946333210331689,0.9756845811133825,6,23984702
Chr06_23984902_24278135,0.838311131427112,0.946333210331689,0.9756845811133825,6,23984902
Chr06_24278136_24278203,0.838311131427112,0.946333210331689,0.9756845811133825,6,24278136
Chr06_24278204_25233228,0.921654282283613,0.935188359792234,0.9756845811133825,6,24278204
Chr06_25233229_25236062,0.526194388786099,0.42024108779412,0.7493705915571648,6,25233229
Chr06_25236063_25583658,0.921654282283613,0.935188359792234,0.9756845811133825,6,25236063
Chr06_25583659_25583693,0.997440736691997,0.868945969756409,0.9756845811133825,6,25583659
Chr06_25583694_25860981,0.997440736691997,0.868945969756409,0.9756845811133825,6,25583694
Chr06_25860982_25901334,0.997440736691997,0.868945969756409,0.9756845811133825,6,25860982
Chr06_25901335_26337755,0.3979014345305,0.495447587008954,0.7979634635907693,6,25901335
Chr06_26337756_26337985,0.3979014345305,0.495447587008954,0.7979634635907693,6,26337756
Chr06_26337986_26895033,0.3979014345305,0.495447587008954,0.7979634635907693,6,26337986
Chr06_26895034_26895066,0.183983700970057,0.234236454093623,0.7096793792488415,6,26895034
Chr06_26895067_27425111,0.183983700970057,0.234236454093623,0.7096793792488415,6,26895067
Chr06_27425112_27425380,0.183983700970057,0.234236454093623,0.7096793792488415,6,27425112
Chr06_27425381_27823758,0.183983700970057,0.234236454093623,0.7096793792488415,6,27425381
Chr06_27823759_27826169,0.183983700970057,0.234236454093623,0.7096793792488415,6,27823759
Chr06_27826170_27910650,0.183983700970057,0.234236454093623,0.7096793792488415,6,27826170
Chr06_27910651_27912125,0.183983700970057,0.234236454093623,0.7096793792488415,6,27910651
Chr07_1_32432,0.227544907095929,0.279188310820685,0.7290399729821938,7,1
Chr07_32433_552658,0.227544907095929,0.279188310820685,0.7290399729821938,7,32433
Chr07_552659_552662,0.227544907095929,0.279188310820685,0.7290399729821938,7,552659
Chr07_552663_955461,0.227544907095929,0.279188310820685,0.7290399729821938,7,552663
Chr07_955462_955511,0.738468733123125,0.823691669571835,0.9756845811133825,7,955462
Chr07_955512_1197275,0.738468733123125,0.823691669571835,0.9756845811133825,7,955512
Chr07_1197276_1197353,0.738468733123125,0.823691669571835,0.9756845811133825,7,1197276
Chr07_1197354_1659530,0.977818827730195,0.867024464895722,0.9756845811133825,7,1197354
Chr07_1659531_1660919,0.977818827730195,0.867024464895722,0.9756845811133825,7,1659531
Chr07_1660920_2046957,0.977818827730195,0.867024464895722,0.9756845811133825,7,1660920
Chr07_2046958_2046977,0.953902410785343,0.864042696155335,0.9756845811133825,7,2046958
Chr07_2046978_2291877,0.953902410785343,0.864042696155335,0.9756845811133825,7,2046978
Chr07_2291878_2300559,0.953902410785343,0.864042696155335,0.9756845811133825,7,2291878
Chr07_2300560_2687802,0.953902410785343,0.864042696155335,0.9756845811133825,7,2300560
Chr07_2687803_2687813,0.953902410785343,0.864042696155335,0.9756845811133825,7,2687803
Chr07_2687814_3941375,0.977818827730195,0.867024464895722,0.9756845811133825,7,2687814
Chr07_3941376_3941394,0.977818827730195,0.867024464895722,0.9756845811133825,7,3941376
Chr07_3941395_4409564,0.977818827730195,0.867024464895722,0.9756845811133825,7,3941395
Chr07_4409565_4409596,0.731037746812585,0.64588822094986,0.9095568303604942,7,4409565
Chr07_4409597_8690237,0.636596521477107,0.749955887284087,0.9667978575143238,7,4409597
Chr07_8690238_8690302,0.306616008339136,0.359044450127052,0.7290399729821938,7,8690238
Chr07_8690303_9329666,0.306616008339136,0.359044450127052,0.7290399729821938,7,8690303
Chr07_9329667_10358888,0.253036859533081,0.308863239879169,0.7290399729821938,7,9329667
Chr07_10358889_10430627,0.253036859533081,0.308863239879169,0.7290399729821938,7,10358889
Chr07_10430628_11516534,0.253036859533081,0.308863239879169,0.7290399729821938,7,10430628
Chr07_11516535_11518035,0.306616008339136,0.359044450127052,0.7290399729821938,7,11516535
Chr07_11518036_12622483,0.306616008339136,0.359044450127052,0.7290399729821938,7,11518036
Chr07_12622484_15610913,0.593104727039269,0.688372431564049,0.9288074882832229,7,12622484
Chr08_1_102758,0.352476934826123,0.259101202434766,0.7096793792488415,8,1
Chr08_102759_588290,0.352476934826123,0.259101202434766,0.7096793792488415,8,102759
Chr08_588291_630205,0.239609499901859,0.174855160819294,0.7096793792488415,8,588291
Chr08_630206_1034461,0.239609499901859,0.174855160819294,0.7096793792488415,8,630206
Chr08_1034462_1048611,0.239609499901859,0.174855160819294,0.7096793792488415,8,1034462
Chr08_1048612_1298750,0.239609499901859,0.174855160819294,0.7096793792488415,8,1048612
Chr08_1298751_1298989,0.103802862543844,0.0742306747686094,0.5120607743233418,8,1298751
Chr08_1298990_1806964,0.103802862543844,0.0742306747686094,0.5120607743233418,8,1298990
Chr08_1806965_1807002,0.103802862543844,0.0742306747686094,0.5120607743233418,8,1806965
Chr08_1807003_1967030,0.103802862543844,0.0742306747686094,0.5120607743233418,8,1807003
Chr08_1967031_1967191,0.103802862543844,0.0742306747686094,0.5120607743233418,8,1967031
Chr08_1967192_2343254,0.103802862543844,0.0742306747686094,0.5120607743233418,8,1967192
Chr08_2343255_2343756,0.103802862543844,0.0742306747686094,0.5120607743233418,8,2343255
Chr08_2343757_2499765,0.103802862543844,0.0742306747686094,0.5120607743233418,8,2343757
Chr08_2499766_2499872,0.103802862543844,0.0742306747686094,0.5120607743233418,8,2499766
Chr08_2499873_2709726,0.103802862543844,0.0742306747686094,0.5120607743233418,8,2499873
Chr08_2709727_2709867,0.103802862543844,0.0742306747686094,0.5120607743233418,8,2709727
Chr08_2709868_3310722,0.103802862543844,0.0742306747686094,0.5120607743233418,8,2709868
Chr08_3310723_3336326,0.103802862543844,0.0742306747686094,0.5120607743233418,8,3310723
Chr08_3336327_3584862,0.103802862543844,0.0742306747686094,0.5120607743233418,8,3336327
Chr08_3584863_3587355,0.103802862543844,0.0742306747686094,0.5120607743233418,8,3584863
Chr08_3587356_3989020,0.103802862543844,0.0742306747686094,0.5120607743233418,8,3587356
Chr08_3989021_4058960,0.132083967775646,0.102743504642745,0.5761200198985823,8,3989021
Chr08_4058961_4449509,0.132083967775646,0.102743504642745,0.5761200198985823,8,4058961
Chr08_4449510_4449514,0.132083967775646,0.102743504642745,0.5761200198985823,8,4449510
Chr08_4449515_5019584,0.132083967775646,0.102743504642745,0.5761200198985823,8,4449515
Chr08_5019585_5029273,0.132083967775646,0.102743504642745,0.5761200198985823,8,5019585
Chr08_5029274_5540148,0.032976253850674,0.0215971170263589,0.29908734791048536,8,5029274
Chr08_5540149_5540280,0.032976253850674,0.0215971170263589,0.29908734791048536,8,5540149
Chr08_5540281_6043183,0.032976253850674,0.0215971170263589,0.29908734791048536,8,5540281
Chr08_6043184_6044929,0.032976253850674,0.0215971170263589,0.29908734791048536,8,6043184
Chr08_6044930_6375617,0.032976253850674,0.0215971170263589,0.29908734791048536,8,6044930
Chr08_6375618_6375625,0.032976253850674,0.0215971170263589,0.29908734791048536,8,6375618
Chr08_6375626_6805444,0.0400409487072122,0.0246191185225965,0.3309099166125471,8,6375626
Chr08_6805445_6805601,0.302344594542222,0.236747917294157,0.7096793792488415,8,6805445
Chr08_6805602_7350099,0.302344594542222,0.236747917294157,0.7096793792488415,8,6805602
Chr08_7350100_7385234,0.302344594542222,0.236747917294157,0.7096793792488415,8,7350100
Chr08_7385235_8118037,0.302344594542222,0.236747917294157,0.7096793792488415,8,7385235
Chr08_8118038_8118605,0.849907857536568,0.761335290307312,0.9704008832733904,8,8118038
Chr08_8118606_8438426,0.849907857536568,0.761335290307312,0.9704008832733904,8,8118606
Chr08_8438427_8449799,0.849907857536568,0.761335290307312,0.9704008832733904,8,8438427
Chr08_8449800_8952307,0.849907857536568,0.761335290307312,0.9704008832733904,8,8449800
Chr08_8952308_8971278,0.849907857536568,0.761335290307312,0.9704008832733904,8,8952308
Chr08_8971279_9678606,0.849907857536568,0.761335290307312,0.9704008832733904,8,8971279
Chr08_9678607_9678749,0.849907857536568,0.761335290307312,0.9704008832733904,8,9678607
Chr08_9678750_9935166,0.849907857536568,0.761335290307312,0.9704008832733904,8,9678750
Chr08_9935167_9941844,0.847140683782806,0.909733128624992,0.9756845811133825,8,9935167
Chr08_9941845_10355573,0.847140683782806,0.909733128624992,0.9756845811133825,8,9941845
Chr08_10355574_10355586,0.847140683782806,0.909733128624992,0.9756845811133825,8,10355574
Chr08_10355587_10571239,0.847140683782806,0.909733128624992,0.9756845811133825,8,10355587
Chr08_10571240_10571442,0.847140683782806,0.909733128624992,0.9756845811133825,8,10571240
Chr08_10571443_11238535,0.847140683782806,0.909733128624992,0.9756845811133825,8,10571443
Chr08_11238536_11239062,0.847140683782806,0.909733128624992,0.9756845811133825,8,11238536
Chr08_11239063_11649947,0.847140683782806,0.909733128624992,0.9756845811133825,8,11239063
Chr08_11649948_11650201,0.847140683782806,0.909733128624992,0.9756845811133825,8,11649948
Chr08_11650202_12171282,0.847140683782806,0.909733128624992,0.9756845811133825,8,11650202
Chr08_12171283_12199287,0.847140683782806,0.909733128624992,0.9756845811133825,8,12171283
Chr08_12199288_13035204,0.847140683782806,0.909733128624992,0.9756845811133825,8,12199288
Chr08_13035205_13105429,0.847140683782806,0.909733128624992,0.9756845811133825,8,13035205
Chr08_13105430_13536520,0.847140683782806,0.909733128624992,0.9756845811133825,8,13105430
Chr08_13536521_13542308,0.847140683782806,0.909733128624992,0.9756845811133825,8,13536521
Chr08_13542309_14104211,0.847140683782806,0.909733128624992,0.9756845811133825,8,13542309
Chr08_14104212_14105694,0.847140683782806,0.909733128624992,0.9756845811133825,8,14104212
Chr08_14105695_14813664,0.847140683782806,0.909733128624992,0.9756845811133825,8,14105695
Chr08_14813665_14813687,0.847140683782806,0.909733128624992,0.9756845811133825,8,14813665
Chr08_14813688_17425951,0.81504212730358,0.648167440590261,0.9095568303604942,8,14813688
Chr08_17425952_17425981,0.227262123510453,0.173446168462472,0.7096793792488415,8,17425952
Chr08_17425982_18276165,0.441365389865854,0.333253672666736,0.7290399729821938,8,17425982
Chr08_18276166_19465461,0.168274302840493,0.107003874765478,0.5821520329502792,8,18276166
Chr09_1_612725,0.047944908944685,0.0598671161286213,0.5120607743233418,9,1
Chr09_612726_1670684,0.047944908944685,0.0598671161286213,0.5120607743233418,9,612726
Chr09_1670685_1670706,0.000341268414416241,0.000435234306206047,0.0795608311744654,9,1670685
Chr09_1670707_2864682,0.000341268414416241,0.000435234306206047,0.0795608311744654,9,1670707
Chr09_2864683_2931938,0.000341268414416241,0.000435234306206047,0.0795608311744654,9,2864683
Chr09_2931939_3805343,0.000341268414416241,0.000435234306206047,0.0795608311744654,9,2931939
Chr09_3805344_3897497,0.000341268414416241,0.000435234306206047,0.0795608311744654,9,3805344
Chr09_3897498_4348780,0.0078764493616076,0.0102702309525568,0.22498958701020796,9,3897498
Chr09_4348781_4349349,0.0078764493616076,0.0102702309525568,0.22498958701020796,9,4348781
Chr09_4349350_4815906,0.0078764493616076,0.0102702309525568,0.22498958701020796,9,4349350
Chr09_4815907_4815948,0.0078764493616076,0.0102702309525568,0.22498958701020796,9,4815907
Chr09_4815949_4950038,0.0078764493616076,0.0102702309525568,0.22498958701020796,9,4815949
Chr09_4950039_4951556,0.0078764493616076,0.0102702309525568,0.22498958701020796,9,4950039
Chr09_4951557_5226408,0.0078764493616076,0.0102702309525568,0.22498958701020796,9,4951557
Chr09_5226409_5226548,0.0078764493616076,0.0102702309525568,0.22498958701020796,9,5226409
Chr09_5226549_5587934,0.0311222460448894,0.0410149641097083,0.4610167305276726,9,5226549
Chr09_5587935_5587972,0.0311222460448894,0.0410149641097083,0.4610167305276726,9,5587935
Chr09_5587973_5894832,0.0117954754293413,0.0164259917995791,0.28115825389261617,9,5587973
Chr09_5894833_5962556,0.0117954754293413,0.0164259917995791,0.28115825389261617,9,5894833
Chr09_5962557_6348625,0.0116444803622281,0.0166111003393887,0.28115825389261617,9,5962557
Chr09_6348626_6642511,0.0116444803622281,0.0166111003393887,0.28115825389261617,9,6348626
Chr09_6642512_6642848,0.0116444803622281,0.0166111003393887,0.28115825389261617,9,6642512
Chr09_6642849_7022695,0.0116444803622281,0.0166111003393887,0.28115825389261617,9,6642849
Chr09_7022696_7029767,0.0116444803622281,0.0166111003393887,0.28115825389261617,9,7022696
Chr09_7029768_7643120,0.0129224837524399,0.0187641738238494,0.29908734791048536,9,7029768
Chr09_7643121_7644075,0.0140414591636533,0.019966814454637,0.29908734791048536,9,7643121
Chr09_7644076_7707585,0.0593587349259929,0.0829157490151582,0.5120607743233418,9,7644076
Chr09_7707586_7716480,0.0593587349259929,0.0829157490151582,0.5120607743233418,9,7707586
Chr09_7716481_8073961,0.0593587349259929,0.0829157490151582,0.5120607743233418,9,7716481
Chr09_8073962_8094828,0.0593587349259929,0.0829157490151582,0.5120607743233418,9,8073962
Chr09_8094829_8323134,0.0593587349259929,0.0829157490151582,0.5120607743233418,9,8094829
Chr09_8323135_8323313,0.0593587349259929,0.0829157490151582,0.5120607743233418,9,8323135
Chr09_8323314_8873271,0.0593587349259929,0.0829157490151582,0.5120607743233418,9,8323314
Chr09_8873272_8931262,0.0593587349259929,0.0829157490151582,0.5120607743233418,9,8873272
Chr09_8931263_9461597,0.0593587349259929,0.0829157490151582,0.5120607743233418,9,8931263
Chr09_9461598_10169168,0.151474231087947,0.207389532633095,0.7096793792488415,9,9461598
Chr09_10169169_10546219,0.151474231087947,0.207389532633095,0.7096793792488415,9,10169169
Chr09_10546220_10546584,0.301888718292863,0.390351185198333,0.7290399729821938,9,10546220
Chr09_10546585_10817737,0.301888718292863,0.390351185198333,0.7290399729821938,9,10546585
Chr09_10817738_10817792,0.301888718292863,0.390351185198333,0.7290399729821938,9,10817738
Chr09_10817793_11190661,0.301888718292863,0.390351185198333,0.7290399729821938,9,10817793
Chr09_11190662_11198784,0.301888718292863,0.390351185198333,0.7290399729821938,9,11190662
Chr09_11198785_11824088,0.301888718292863,0.390351185198333,0.7290399729821938,9,11198785
Chr09_11824089_11824143,0.301888718292863,0.390351185198333,0.7290399729821938,9,11824089
Chr09_11824144_12217367,0.301888718292863,0.390351185198333,0.7290399729821938,9,11824144
Chr09_12217368_12217448,0.301888718292863,0.390351185198333,0.7290399729821938,9,12217368
Chr09_12217449_12479031,0.301888718292863,0.390351185198333,0.7290399729821938,9,12217449
Chr09_12479032_12479149,0.301888718292863,0.390351185198333,0.7290399729821938,9,12479032
Chr09_12479150_12868645,0.301888718292863,0.390351185198333,0.7290399729821938,9,12479150
Chr09_12868646_12948742,0.301888718292863,0.390351185198333,0.7290399729821938,9,12868646
Chr10_1_197484,0.79085446049334,0.877974345028759,0.9756845811133825,10,1
Chr10_197485_6224131,0.0773977244918624,0.104157866769636,0.5804895745576055,10,197485
Chr10_6224132_6224703,0.454143351459105,0.501128039497923,0.7979634635907693,10,6224132
Chr10_6224704_7324683,0.454143351459105,0.501128039497923,0.7979634635907693,10,6224704
Chr10_7324684_7324725,0.454143351459105,0.501128039497923,0.7979634635907693,10,7324684
Chr10_7324726_7568912,0.250801314421129,0.295965905253412,0.7290399729821938,10,7324726
Chr10_7568913_7570147,0.250801314421129,0.295965905253412,0.7290399729821938,10,7568913
Chr10_7570148_7893941,0.250801314421129,0.295965905253412,0.7290399729821938,10,7570148
Chr10_7893942_7893951,0.250801314421129,0.295965905253412,0.7290399729821938,10,7893942
Chr10_7893952_8487113,0.250801314421129,0.295965905253412,0.7290399729821938,10,7893952
Chr10_8487114_8487454,0.250801314421129,0.295965905253412,0.7290399729821938,10,8487114
Chr10_8487455_9083699,0.250801314421129,0.295965905253412,0.7290399729821938,10,8487455
Chr10_9083700_9084167,0.454143351459105,0.501128039497923,0.7979634635907693,10,9083700
Chr10_9084168_9428493,0.454143351459105,0.501128039497923,0.7979634635907693,10,9084168
Chr10_9428494_10204714,0.454143351459105,0.501128039497923,0.7979634635907693,10,9428494
Chr10_10204715_10204758,0.454143351459105,0.501128039497923,0.7979634635907693,10,10204715
Chr10_10204759_10683934,0.454143351459105,0.501128039497923,0.7979634635907693,10,10204759
Chr10_10683935_10683968,0.454143351459105,0.501128039497923,0.7979634635907693,10,10683935
Chr10_10683969_11126331,0.454143351459105,0.501128039497923,0.7979634635907693,10,10683969
Chr10_11126332_11126528,0.376482091967152,"NA",NA,10,11126332
Chr10_11126529_11377330,0.376482091967152,"NA",NA,10,11126529
Chr10_11377331_11377366,0.376482091967152,"NA",NA,10,11377331
Chr10_11377367_11690245,0.376482091967152,"NA",NA,10,11377367
Chr10_11690246_11690720,0.376482091967152,"NA",NA,10,11690246
Chr10_11690721_12005064,0.376482091967152,"NA",NA,10,11690721
Chr10_12005065_12006023,0.376482091967152,"NA",NA,10,12005065
Chr10_12006024_12591692,0.594108864346502,0.515606152111509,0.8058087344695073,10,12006024
Chr10_12591693_12656985,0.594108864346502,0.515606152111509,0.8058087344695073,10,12591693
Chr10_12656986_13267591,0.594108864346502,0.515606152111509,0.8058087344695073,10,12656986
Chr10_13267592_13267739,0.594108864346502,0.515606152111509,0.8058087344695073,10,13267592
Chr10_13267740_13844052,0.320242427784173,0.252101966106972,0.7096793792488415,10,13267740
Chr10_13844053_13847558,0.320242427784173,0.252101966106972,0.7096793792488415,10,13844053
Chr10_13847559_14211378,0.320242427784173,0.252101966106972,0.7096793792488415,10,13847559
Chr10_14211379_14211400,0.320242427784173,0.252101966106972,0.7096793792488415,10,14211379
Chr10_14211401_14353862,0.320242427784173,0.252101966106972,0.7096793792488415,10,14211401
Chr10_14353863_14353900,0.320242427784173,0.252101966106972,0.7096793792488415,10,14353863
Chr10_14353901_15278725,0.151986573209429,0.106363727715343,0.582134413963015,10,14353901
Chr10_15278726_15280941,0.151986573209429,0.106363727715343,0.582134413963015,10,15278726
Chr10_15280942_15963527,0.151986573209429,0.106363727715343,0.582134413963015,10,15280942
Chr10_15963528_15963809,0.119277324209773,0.0862446867182799,0.5290445883255559,10,15963528
Chr10_15963810_16740206,0.0340023620557408,0.0206127261431802,0.29908734791048536,10,15963810
Chr10_16740207_16740454,0.0340023620557408,0.0206127261431802,0.29908734791048536,10,16740207
Chr10_16740455_17296191,0.0125754650159865,0.00640914450824223,0.22498958701020796,10,16740455
Chr10_17296192_17296662,0.0125754650159865,0.00640914450824223,0.22498958701020796,10,17296192
Chr10_17296663_17608308,0.0651537618092646,0.0367014572712605,0.4300657941786166,10,17296663
Chr10_17608309_17610846,0.127754424876174,0.0824815874655041,0.5120607743233418,10,17608309
Chr10_17610847_18004408,0.127754424876174,0.0824815874655041,0.5120607743233418,10,17610847
Chr10_18004409_18025566,0.127754424876174,0.0824815874655041,0.5120607743233418,10,18004409
Chr10_18025567_18378749,0.127754424876174,0.0824815874655041,0.5120607743233418,10,18025567
Chr10_18378750_18379224,0.127754424876174,0.0824815874655041,0.5120607743233418,10,18378750
Chr10_18379225_18625190,0.127754424876174,0.0824815874655041,0.5120607743233418,10,18379225
Chr10_18625191_18625193,0.127754424876174,0.0824815874655041,0.5120607743233418,10,18625191
Chr10_18625194_18841848,0.127754424876174,0.0824815874655041,0.5120607743233418,10,18625194
Chr10_18841849_18842020,0.127754424876174,0.0824815874655041,0.5120607743233418,10,18841849
Chr10_18842021_19456129,0.127754424876174,0.0824815874655041,0.5120607743233418,10,18842021
Chr10_19456130_22580532,0.0716952555207025,0.0408615693149632,0.4610167305276726,10,19456130
Chr11_1_5977578,0.587981645772709,0.707143925155982,0.9288074882832229,11,1
Chr11_5977579_6941413,0.776227014528979,0.894825867744369,0.9756845811133825,11,5977579
Chr11_6941414_6941441,0.296838018220179,0.346511385517967,0.7290399729821938,11,6941414
Chr11_6941442_8022990,0.296838018220179,0.346511385517967,0.7290399729821938,11,6941442
Chr11_8022991_8023680,0.296838018220179,0.346511385517967,0.7290399729821938,11,8022991
Chr11_8023681_11175078,0.0377108910355691,0.0505978504607159,0.4719024012356565,11,8023681
Chr11_11175079_11219138,0.0394325479979954,0.0494984560466071,0.4664081322329783,11,11175079
Chr11_11219139_11931548,0.0394325479979954,0.0494984560466071,0.4664081322329783,11,11219139
Chr11_11931549_11931633,0.0394325479979954,0.0494984560466071,0.4664081322329783,11,11931549
Chr11_11931634_12929647,0.0394325479979954,0.0494984560466071,0.4664081322329783,11,11931634
Chr11_12929648_12929718,0.0278811695046531,0.0332971112820243,0.40863557630721775,11,12929648
Chr11_12929719_13960175,0.255963234713613,0.302159123661031,0.7290399729821938,11,12929719
Chr11_13960176_14069367,0.19105595183445,0.236327798400192,0.7096793792488415,11,13960176
Chr11_14069368_15156503,0.205779282813521,0.266177049597705,0.7096793792488415,11,14069368
Chr11_15156504_15156662,0.205779282813521,0.266177049597705,0.7096793792488415,11,15156504
Chr11_15156663_16050796,0.205779282813521,0.266177049597705,0.7096793792488415,11,15156663
Chr11_16050797_16079549,0.205779282813521,0.266177049597705,0.7096793792488415,11,16050797
Chr11_16079550_16540781,0.205779282813521,0.266177049597705,0.7096793792488415,11,16079550
Chr11_16540782_16540787,0.205779282813521,0.266177049597705,0.7096793792488415,11,16540782
Chr11_16540788_17082618,0.205779282813521,0.266177049597705,0.7096793792488415,11,16540788
Chr11_17082619_17082712,0.205779282813521,0.266177049597705,0.7096793792488415,11,17082619
Chr11_17082713_17412226,0.205779282813521,0.266177049597705,0.7096793792488415,11,17082713
Chr11_17412227_17414686,0.205779282813521,0.266177049597705,0.7096793792488415,11,17412227
Chr11_17414687_18242241,0.205779282813521,0.266177049597705,0.7096793792488415,11,17414687
Chr11_18242242_18242252,0.205779282813521,0.266177049597705,0.7096793792488415,11,18242242
Chr11_18242253_18480279,0.205779282813521,0.266177049597705,0.7096793792488415,11,18242253
Chr11_18480280_18501271,0.205779282813521,0.266177049597705,0.7096793792488415,11,18480280
Chr12_1_3822339,0.552461075373692,0.443909055843278,0.7513571797051039,12,1
Chr12_3822340_4464731,0.80826570809536,0.895210180617214,0.9756845811133825,12,3822340
Chr12_4464732_4464757,0.80826570809536,0.895210180617214,0.9756845811133825,12,4464732
Chr12_4464758_5786323,0.80826570809536,0.895210180617214,0.9756845811133825,12,4464758
Chr12_5786324_5786415,0.80826570809536,0.895210180617214,0.9756845811133825,12,5786324
Chr12_5786416_6083094,0.80826570809536,0.895210180617214,0.9756845811133825,12,5786416
Chr12_6083095_6083928,0.80826570809536,0.895210180617214,0.9756845811133825,12,6083095
Chr12_6083929_9076379,0.500659029346962,0.413110393870281,0.7493705915571648,12,6083929
Chr12_9076380_9155776,0.0553875823579639,0.0413603631326796,0.4610167305276726,12,9076380
Chr12_9155777_9998859,0.052900311813706,0.0366415621270457,0.4300657941786166,12,9155777
Chr12_9998860_15760346,0.188160781016747,0.249671316973565,0.7096793792488415,12,9998860
Chr13_1_21368,0.959467852338233,0.831009831803631,0.9756845811133825,13,1
Chr13_21369_304460,0.959467852338233,0.831009831803631,0.9756845811133825,13,21369
Chr13_304461_304882,0.959467852338233,0.831009831803631,0.9756845811133825,13,304461
Chr13_304883_695515,0.959467852338233,0.831009831803631,0.9756845811133825,13,304883
Chr13_695516_695834,0.959467852338233,0.831009831803631,0.9756845811133825,13,695516
Chr13_695835_1381178,0.959467852338233,0.831009831803631,0.9756845811133825,13,695835
Chr13_1381179_1381559,0.959467852338233,0.831009831803631,0.9756845811133825,13,1381179
Chr13_1381560_1623907,0.959467852338233,0.831009831803631,0.9756845811133825,13,1381560
Chr13_1623908_1645186,0.959467852338233,0.831009831803631,0.9756845811133825,13,1623908
Chr13_1645187_2273280,0.959467852338233,0.831009831803631,0.9756845811133825,13,1645187
Chr13_2273281_2282740,0.920600278241218,0.968780872466767,0.9756845811133825,13,2273281
Chr13_2282741_2705461,0.920600278241218,0.968780872466767,0.9756845811133825,13,2282741
Chr13_2705462_2715029,0.920600278241218,0.968780872466767,0.9756845811133825,13,2705462
Chr13_2715030_3396313,0.920600278241218,0.968780872466767,0.9756845811133825,13,2715030
Chr13_3396314_3396358,0.920600278241218,0.968780872466767,0.9756845811133825,13,3396314
Chr13_3396359_4112885,0.920600278241218,0.968780872466767,0.9756845811133825,13,3396359
Chr13_4112886_4114403,0.920600278241218,0.968780872466767,0.9756845811133825,13,4112886
Chr13_4114404_4735364,0.920600278241218,0.968780872466767,0.9756845811133825,13,4114404
Chr13_4735365_4735710,0.629216410566292,0.709137646952373,0.9288074882832229,13,4735365
Chr13_4735711_5504608,0.629216410566292,0.709137646952373,0.9288074882832229,13,4735711
Chr13_5504609_5504650,0.629216410566292,0.709137646952373,0.9288074882832229,13,5504609
Chr13_5504651_6156193,0.629216410566292,0.709137646952373,0.9288074882832229,13,5504651
Chr13_6156194_6159444,0.629216410566292,0.709137646952373,0.9288074882832229,13,6156194
Chr13_6159445_6623045,0.629216410566292,0.709137646952373,0.9288074882832229,13,6159445
Chr13_6623046_6633578,0.629216410566292,0.709137646952373,0.9288074882832229,13,6623046
Chr13_6633579_10793043,0.629216410566292,0.709137646952373,0.9288074882832229,13,6633579
Chr13_10793044_10793124,0.376482091967152,"NA",NA,13,10793044
Chr13_10793125_12234858,0.491829668451004,0.441915480141479,0.7493705915571648,13,10793125
Chr13_12234859_12235631,0.491829668451004,0.441915480141479,0.7493705915571648,13,12234859
Chr13_12235632_13036378,0.491829668451004,0.441915480141479,0.7493705915571648,13,12235632
Chr13_13036379_13036541,0.491829668451004,0.441915480141479,0.7493705915571648,13,13036379
Chr13_13036542_14040219,0.491829668451004,0.441915480141479,0.7493705915571648,13,13036542
Chr13_14040220_14040443,0.491829668451004,0.441915480141479,0.7493705915571648,13,14040220
Chr13_14040444_14249673,0.491829668451004,0.441915480141479,0.7493705915571648,13,14040444
Chr13_14249674_14250314,0.491829668451004,0.441915480141479,0.7493705915571648,13,14249674
Chr13_14250315_14575821,0.491829668451004,0.441915480141479,0.7493705915571648,13,14250315
Chr13_14575822_14575856,0.376482091967152,"NA",NA,13,14575822
Chr13_14575857_15201210,0.504529567687316,0.431453587066712,0.7493705915571648,13,14575857
Chr13_15201211_15201717,0.504529567687316,0.431453587066712,0.7493705915571648,13,15201211
Chr13_15201718_15621666,0.504529567687316,0.431453587066712,0.7493705915571648,13,15201718
Chr13_15621667_15623226,0.504529567687316,0.431453587066712,0.7493705915571648,13,15621667
Chr13_15623227_16175370,0.504529567687316,0.431453587066712,0.7493705915571648,13,15623227
Chr13_16175371_16228825,0.504529567687316,0.431453587066712,0.7493705915571648,13,16175371
Chr13_16228826_16309277,0.504529567687316,0.431453587066712,0.7493705915571648,13,16228826
Chr13_16309278_16320717,0.504529567687316,0.431453587066712,0.7493705915571648,13,16309278
Chr14_1_1412541,0.248704357366001,0.325487154066236,0.7290399729821938,14,1
Chr14_1412542_1718839,0.248704357366001,0.325487154066236,0.7290399729821938,14,1412542
Chr14_1718840_1769847,0.899212456003601,0.958198914511548,0.9756845811133825,14,1718840
Chr14_1769848_2181663,0.899212456003601,0.958198914511548,0.9756845811133825,14,1769848
Chr14_2181664_2181860,0.994351591186371,0.877185091385438,0.9756845811133825,14,2181664
Chr14_2181861_2932266,0.994351591186371,0.877185091385438,0.9756845811133825,14,2181861
Chr14_2932267_2944359,0.810859339564544,0.722451757533147,0.9379558329336597,14,2932267
Chr14_2944360_3608257,0.810859339564544,0.722451757533147,0.9379558329336597,14,2944360
Chr14_3608258_3667942,0.810859339564544,0.722451757533147,0.9379558329336597,14,3608258
Chr14_3667943_4198692,0.810859339564544,0.722451757533147,0.9379558329336597,14,3667943
Chr14_4198693_4198900,0.810859339564544,0.722451757533147,0.9379558329336597,14,4198693
Chr14_4198901_5484913,0.26396151591314,0.194354563221582,0.7096793792488415,14,4198901
Chr14_5484914_5485101,0.26396151591314,0.194354563221582,0.7096793792488415,14,5484914
Chr14_5485102_5794209,0.26396151591314,0.194354563221582,0.7096793792488415,14,5485102
Chr14_5794210_5794788,0.26396151591314,0.194354563221582,0.7096793792488415,14,5794210
Chr14_5794789_6335975,0.26396151591314,0.194354563221582,0.7096793792488415,14,5794789
Chr14_6335976_6360148,0.411778255144157,0.331586447576357,0.7290399729821938,14,6335976
Chr14_6360149_6878286,0.411778255144157,0.331586447576357,0.7290399729821938,14,6360149
Chr14_6878287_6941814,0.411778255144157,0.331586447576357,0.7290399729821938,14,6878287
Chr14_6941815_7207281,0.411778255144157,0.331586447576357,0.7290399729821938,14,6941815
Chr14_7207282_7207355,0.411778255144157,0.331586447576357,0.7290399729821938,14,7207282
Chr14_7207356_7560189,0.411778255144157,0.331586447576357,0.7290399729821938,14,7207356
Chr14_7560190_7561488,0.452336559342609,0.383470522384019,0.7290399729821938,14,7560190
Chr14_7561489_7987654,0.452336559342609,0.383470522384019,0.7290399729821938,14,7561489
Chr14_7987655_7987722,0.452336559342609,0.383470522384019,0.7290399729821938,14,7987655
Chr14_7987723_8360105,0.452336559342609,0.383470522384019,0.7290399729821938,14,7987723
Chr14_8360106_8360172,0.452336559342609,0.383470522384019,0.7290399729821938,14,8360106
Chr14_8360173_8826511,0.452336559342609,0.383470522384019,0.7290399729821938,14,8360173
Chr14_8826512_8830870,0.639765507696017,0.69668316894216,0.9288074882832229,14,8826512
Chr14_8830871_9343987,0.639765507696017,0.69668316894216,0.9288074882832229,14,8830871
Chr14_9343988_9344082,0.639765507696017,0.69668316894216,0.9288074882832229,14,9343988
Chr14_9344083_9965612,0.639765507696017,0.69668316894216,0.9288074882832229,14,9344083
Chr14_9965613_9966400,0.639765507696017,0.69668316894216,0.9288074882832229,14,9965613
Chr14_9966401_10546826,0.639765507696017,0.69668316894216,0.9288074882832229,14,9966401
Chr14_10546827_10558441,0.639765507696017,0.69668316894216,0.9288074882832229,14,10546827
Chr14_10558442_10778296,0.639765507696017,0.69668316894216,0.9288074882832229,14,10558442
Chr14_10778297_10778347,0.639765507696017,0.69668316894216,0.9288074882832229,14,10778297
Chr14_10778348_11073729,0.639765507696017,0.69668316894216,0.9288074882832229,14,10778348
Chr14_11073730_11073845,0.639765507696017,0.69668316894216,0.9288074882832229,14,11073730
Chr14_11073846_11330828,0.639765507696017,0.69668316894216,0.9288074882832229,14,11073846
Chr14_11330829_11340231,0.639765507696017,0.69668316894216,0.9288074882832229,14,11330829
Chr14_11340232_11992188,0.639765507696017,0.69668316894216,0.9288074882832229,14,11340232
Chr14_11992189_12577176,0.639765507696017,0.69668316894216,0.9288074882832229,14,11992189
Chr14_12577177_12580950,0.639765507696017,0.69668316894216,0.9288074882832229,14,12577177
Chr14_12580951_13241500,0.639765507696017,0.69668316894216,0.9288074882832229,14,12580951
Chr14_13241501_13241548,0.639765507696017,0.69668316894216,0.9288074882832229,14,13241501
Chr14_13241549_13859511,0.363424849759872,0.303465855096798,0.7290399729821938,14,13241549
Chr14_13859512_13861671,0.363424849759872,0.303465855096798,0.7290399729821938,14,13859512
Chr14_13861672_14649332,0.353515480734735,0.280892777213341,0.7290399729821938,14,13861672
Chr14_14649333_14669398,0.639765507696017,0.69668316894216,0.9288074882832229,14,14649333
Chr14_14669399_18687184,0.656694627479206,0.795060373262685,0.9756845811133825,14,14669399
Chr14_18687185_18920894,0.973652985677809,0.899593915667595,0.9756845811133825,14,18687185
Chr15_1_7723996,0.165076502058169,0.130542251209826,0.6223690585587615,15,1
Chr15_7723997_8513282,0.305117196414708,0.267100335297157,0.7096793792488415,15,7723997
Chr15_8513283_8514921,0.305117196414708,0.267100335297157,0.7096793792488415,15,8513283
Chr15_8514922_9058550,0.305117196414708,0.267100335297157,0.7096793792488415,15,8514922
Chr15_9058551_9058635,0.376482091967152,"NA",NA,15,9058551
Chr15_9058636_9494238,0.376482091967152,"NA",NA,15,9058636
Chr15_9494239_9504212,0.376482091967152,"NA",NA,15,9494239
Chr15_9504213_10360334,0.376482091967152,"NA",NA,15,9504213
Chr15_10360335_10382562,0.376482091967152,"NA",NA,15,10360335
Chr15_10382563_10922105,0.376482091967152,"NA",NA,15,10382563
Chr15_10922106_10923379,0.376482091967152,"NA",NA,15,10922106
Chr15_10923380_11250913,0.376482091967152,"NA",NA,15,10923380
Chr15_11250914_11251179,0.376482091967152,"NA",NA,15,11250914
Chr15_11251180_11559025,0.376482091967152,"NA",NA,15,11251180
Chr15_11559026_11559435,0.376482091967152,"NA",NA,15,11559026
Chr15_11559436_12323884,0.376482091967152,"NA",NA,15,11559436
Chr15_12323885_12324836,0.376482091967152,"NA",NA,15,12323885
Chr15_12324837_12552124,0.376482091967152,"NA",NA,15,12324837
Chr15_12552125_12561540,0.376482091967152,"NA",NA,15,12552125
Chr15_12561541_13586065,0.376482091967152,"NA",NA,15,12561541
Chr15_13586066_15278577,0.759180885175545,0.819923179148798,0.9756845811133825,15,13586066
Chr16_1_21646,0.992192992743615,0.812776275560564,0.9756845811133825,16,1
Chr16_21647_321148,0.992192992743615,0.812776275560564,0.9756845811133825,16,21647
Chr16_321149_321364,0.992192992743615,0.812776275560564,0.9756845811133825,16,321149
Chr16_321365_1274427,0.992192992743615,0.812776275560564,0.9756845811133825,16,321365
Chr16_1274428_1291033,0.887344825728027,0.705334631128605,0.9288074882832229,16,1274428
Chr16_1291034_1748515,0.887344825728027,0.705334631128605,0.9288074882832229,16,1291034
Chr16_1748516_1748598,0.887344825728027,0.705334631128605,0.9288074882832229,16,1748516
Chr16_1748599_2211077,0.887344825728027,0.705334631128605,0.9288074882832229,16,1748599
Chr16_2211078_2220920,0.887344825728027,0.705334631128605,0.9288074882832229,16,2211078
Chr16_2220921_2534899,0.887344825728027,0.705334631128605,0.9288074882832229,16,2220921
Chr16_2534900_2548024,0.887344825728027,0.705334631128605,0.9288074882832229,16,2534900
Chr16_2548025_2705726,0.887344825728027,0.705334631128605,0.9288074882832229,16,2548025
Chr16_2705727_2721119,0.887344825728027,0.705334631128605,0.9288074882832229,16,2705727
Chr16_2721120_3234928,0.887344825728027,0.705334631128605,0.9288074882832229,16,2721120
Chr16_3234929_3265636,0.970479978516474,0.859186003493532,0.9756845811133825,16,3234929
Chr16_3265637_3600924,0.970479978516474,0.859186003493532,0.9756845811133825,16,3265637
Chr16_3600925_3601048,0.964773249116363,0.89130812349597,0.9756845811133825,16,3600925
Chr16_3601049_4415955,0.680964423314453,0.824601025979359,0.9756845811133825,16,3601049
Chr16_4415956_4464442,0.680964423314453,0.824601025979359,0.9756845811133825,16,4415956
Chr16_4464443_5048763,0.680964423314453,0.824601025979359,0.9756845811133825,16,4464443
Chr16_5048764_5050207,0.680964423314453,0.824601025979359,0.9756845811133825,16,5048764
Chr16_5050208_6618607,0.680964423314453,0.824601025979359,0.9756845811133825,16,5050208
Chr16_6618608_7456888,0.434299677873131,0.537378249689894,0.8268749498595339,16,6618608
Chr16_7456889_7457544,0.245094243753085,0.289515109005713,0.7290399729821938,16,7456889
Chr16_7457545_9757022,0.247299708126851,0.31015396354429,0.7290399729821938,16,7457545
Chr16_9757023_9757206,0.508221431873189,0.4185279560992,0.7493705915571648,16,9757023
Chr16_9757207_11277586,0.508221431873189,0.4185279560992,0.7493705915571648,16,9757207
Chr16_11277587_11303659,0.629377688812142,0.709308125625481,0.9288074882832229,16,11277587
Chr16_11303660_11775746,0.120143346552426,0.151527688897082,0.6626617591001577,16,11303660
Chr16_11775747_11775802,0.120143346552426,0.151527688897082,0.6626617591001577,16,11775747
Chr16_11775803_12458590,0.120143346552426,0.151527688897082,0.6626617591001577,16,11775803
Chr16_12458591_12459141,0.120143346552426,0.151527688897082,0.6626617591001577,16,12458591
Chr16_12459142_12780007,0.120143346552426,0.151527688897082,0.6626617591001577,16,12459142
Chr16_12780008_12780022,0.120143346552426,0.151527688897082,0.6626617591001577,16,12780008
Chr16_12780023_13518832,0.0730706980086478,0.096734037772105,0.5631522963293246,16,12780023
Chr16_13518833_13518868,0.0730706980086478,0.096734037772105,0.5631522963293246,16,13518833
Chr16_13518869_14174202,0.0730706980086478,0.096734037772105,0.5631522963293246,16,13518869
Chr16_14174203_14176896,0.0730706980086478,0.096734037772105,0.5631522963293246,16,14174203
Chr16_14176897_14408136,0.0730706980086478,0.096734037772105,0.5631522963293246,16,14176897
Chr16_14408137_14494361,0.0730706980086478,0.096734037772105,0.5631522963293246,16,14408137
Chr17_1_5861628,0.275327909174506,0.351095066756732,0.7290399729821938,17,1
Chr17_5861629_9076514,0.420769761089945,0.520875632706608,0.8058087344695073,17,5861629
Chr17_9076515_9135976,0.316399371976762,0.390470041832836,0.7290399729821938,17,9076515
Chr17_9135977_10478406,0.316399371976762,0.390470041832836,0.7290399729821938,17,9135977
Chr17_10478407_10480775,0.316399371976762,0.390470041832836,0.7290399729821938,17,10478407
Chr17_10480776_10878354,0.316399371976762,0.390470041832836,0.7290399729821938,17,10480776
Chr17_10878355_10878412,0.316399371976762,0.390470041832836,0.7290399729821938,17,10878355
Chr17_10878413_11065072,0.316399371976762,0.390470041832836,0.7290399729821938,17,10878413
Chr17_11065073_11065075,0.316399371976762,0.390470041832836,0.7290399729821938,17,11065073
Chr17_11065076_11866233,0.316399371976762,0.390470041832836,0.7290399729821938,17,11065076
Chr17_11866234_11884943,0.316399371976762,0.390470041832836,0.7290399729821938,17,11866234
Chr17_11884944_12457477,0.316399371976762,0.390470041832836,0.7290399729821938,17,11884944
Chr17_12457478_12457521,0.316399371976762,0.390470041832836,0.7290399729821938,17,12457478
Chr17_12457522_12723868,0.316399371976762,0.390470041832836,0.7290399729821938,17,12457522
Chr17_12723869_12724030,0.316399371976762,0.390470041832836,0.7290399729821938,17,12723869
Chr17_12724031_13345560,0.316399371976762,0.390470041832836,0.7290399729821938,17,12724031
Chr17_13345561_13349542,0.316399371976762,0.390470041832836,0.7290399729821938,17,13345561
Chr17_13349543_13731534,0.316399371976762,0.390470041832836,0.7290399729821938,17,13349543
Chr17_13731535_13865657,0.316399371976762,0.390470041832836,0.7290399729821938,17,13731535
Chr17_13865658_14959995,0.316399371976762,0.390470041832836,0.7290399729821938,17,13865658
Chr17_14959996_14960010,0.316399371976762,0.390470041832836,0.7290399729821938,17,14959996
Chr17_14960011_15481423,0.144941727687824,0.190748422297442,0.7096793792488415,17,14960011
Chr17_15481424_15481595,0.144941727687824,0.190748422297442,0.7096793792488415,17,15481424
Chr17_15481596_16075256,0.144941727687824,0.190748422297442,0.7096793792488415,17,15481596
Chr17_16075257_16080358,0.144941727687824,0.190748422297442,0.7096793792488415,17,16075257
Chr18_1_26654,0.536898405211347,0.484672177205316,0.7938895519097829,18,1
Chr18_26655_279491,0.536898405211347,0.484672177205316,0.7938895519097829,18,26655
Chr18_279492_280287,0.536898405211347,0.484672177205316,0.7938895519097829,18,279492
Chr18_280288_518924,0.536898405211347,0.484672177205316,0.7938895519097829,18,280288
Chr18_518925_519693,0.536898405211347,0.484672177205316,0.7938895519097829,18,518925
Chr18_519694_1337265,0.536898405211347,0.484672177205316,0.7938895519097829,18,519694
Chr18_1337266_1337375,0.536898405211347,0.484672177205316,0.7938895519097829,18,1337266
Chr18_1337376_1621290,0.536898405211347,0.484672177205316,0.7938895519097829,18,1337376
Chr18_1621291_1678120,0.536898405211347,0.484672177205316,0.7938895519097829,18,1621291
Chr18_1678121_2304869,0.536898405211347,0.484672177205316,0.7938895519097829,18,1678121
Chr18_2304870_2306624,0.536898405211347,0.484672177205316,0.7938895519097829,18,2304870
Chr18_2306625_3076449,0.536898405211347,0.484672177205316,0.7938895519097829,18,2306625
Chr18_3076450_3079012,0.536898405211347,0.484672177205316,0.7938895519097829,18,3076450
Chr18_3079013_4408573,0.536898405211347,0.484672177205316,0.7938895519097829,18,3079013
Chr18_4408574_4408732,0.376482091967152,"NA",NA,18,4408574
Chr18_4408733_8336718,0.883011148630678,0.972482115311041,0.9756845811133825,18,4408733
Chr18_8336719_8389865,0.0502165603643257,0.0592231533276724,0.5120607743233418,18,8336719
Chr18_8389866_8978244,0.447655512024608,0.513936263930501,0.8058087344695073,18,8389866
Chr18_8978245_8989772,0.447655512024608,0.513936263930501,0.8058087344695073,18,8978245
Chr18_8989773_10885711,0.447655512024608,0.513936263930501,0.8058087344695073,18,8989773
Chr18_10885712_10894960,0.447655512024608,0.513936263930501,0.8058087344695073,18,10885712
Chr18_10894961_11299101,0.447655512024608,0.513936263930501,0.8058087344695073,18,10894961
Chr18_11299102_12139614,0.00813271467973184,0.0110468380118489,0.22498958701020796,18,11299102
Chr18_12139615_12571439,0.00813271467973184,0.0110468380118489,0.22498958701020796,18,12139615
Chr18_12571440_12571795,0.00813271467973184,0.0110468380118489,0.22498958701020796,18,12571440
Chr18_12571796_13215977,0.00813271467973184,0.0110468380118489,0.22498958701020796,18,12571796
Chr18_13215978_13250655,0.00813271467973184,0.0110468380118489,0.22498958701020796,18,13215978
Chr18_13250656_13635593,0.00813271467973184,0.0110468380118489,0.22498958701020796,18,13250656
Chr18_13635594_13643736,0.00813271467973184,0.0110468380118489,0.22498958701020796,18,13635594
Chr18_13643737_13898263,0.00813271467973184,0.0110468380118489,0.22498958701020796,18,13643737
Chr18_13898264_13898423,0.00813271467973184,0.0110468380118489,0.22498958701020796,18,13898264
Chr18_13898424_14524913,0.00813271467973184,0.0110468380118489,0.22498958701020796,18,13898424
Chr18_14524914_14524954,0.00813271467973184,0.0110468380118489,0.22498958701020796,18,14524914
Chr18_14524955_15053717,0.0249264881686706,0.0339784505463332,0.40863557630721775,18,14524955
Chr18_15053718_15891874,0.0249264881686706,0.0339784505463332,0.40863557630721775,18,15053718
Chr18_15891875_16246662,0.0249264881686706,0.0339784505463332,0.40863557630721775,18,15891875
Chr18_16246663_16246682,0.0249264881686706,0.0339784505463332,0.40863557630721775,18,16246663
Chr18_16246683_16819341,0.0249264881686706,0.0339784505463332,0.40863557630721775,18,16246683
Chr18_16819342_16958300,0.0249264881686706,0.0339784505463332,0.40863557630721775,18,16819342
Chr19_1_2876126,0.457441357670807,0.608467081888806,0.8862404118871733,19,1
Chr19_2876127_4004896,0.657434749256627,0.841974114827915,0.9756845811133825,19,2876127
Chr19_4004897_4016872,0.82684302484886,0.983116927182623,0.9841937255694605,19,4004897
Chr19_4016873_4784385,0.82684302484886,0.983116927182623,0.9841937255694605,19,4016873
Chr19_4784386_4798846,0.788741756046458,0.609826932845783,0.8862404118871733,19,4784386
Chr19_4798847_7574587,0.584001486499121,0.397098017063246,0.7290399729821938,19,4798847
Chr19_7574588_7575123,0.134377365876599,0.0759771559850576,0.5120607743233418,19,7574588
Chr19_7575124_8801717,0.217596174070265,0.128805185380046,0.6223690585587615,19,7575124
Chr19_8801718_8881408,0.217596174070265,0.128805185380046,0.6223690585587615,19,8801718
Chr19_8881409_9417721,0.210380791882171,0.120097109103662,0.5973951760477522,19,8881409
Chr19_9417722_9417814,0.210380791882171,0.120097109103662,0.5973951760477522,19,9417722
Chr19_9417815_11103766,0.441637794806519,0.269068810746724,0.7107771474638894,19,9417815
Chr19_11103767_11155117,0.441637794806519,0.269068810746724,0.7107771474638894,19,11103767
Chr19_11155118_11566144,0.370177306588891,0.211072373206395,0.7096793792488415,19,11155118
Chr19_11566145_11566546,0.370177306588891,0.211072373206395,0.7096793792488415,19,11566145
Chr19_11566547_12131362,0.513069563979115,0.314741356665558,0.7290399729821938,19,11566547
Chr19_12131363_12155744,0.513069563979115,0.314741356665558,0.7290399729821938,19,12131363
Chr19_12155745_13180439,0.513069563979115,0.314741356665558,0.7290399729821938,19,12155745
Chr19_13180440_13217491,0.405227452548069,0.234622366972364,0.7096793792488415,19,13180440
Chr19_13217492_15336727,0.405227452548069,0.234622366972364,0.7096793792488415,19,13217492
Chr19_15336728_15336865,0.405227452548069,0.234622366972364,0.7096793792488415,19,15336728
Chr19_15336866_15847400,0.405227452548069,0.234622366972364,0.7096793792488415,19,15336866
Chr19_15847401_15942145,0.405227452548069,0.234622366972364,0.7096793792488415,19,15847401
