Marker,Intercept,Deltoides,Del_P_adj,CHR,BP
Chr01_1_126237,0.900861554775234,0.362628741957522,0.6975551414568463,1,1
Chr01_126238_809425,0.900861554775234,0.362628741957522,0.6975551414568463,1,126238
Chr01_809426_814269,0.900861554775234,0.362628741957522,0.6975551414568463,1,809426
Chr01_814270_1367747,0.900861554775234,0.362628741957522,0.6975551414568463,1,814270
Chr01_1367748_1367899,0.900861554775234,0.362628741957522,0.6975551414568463,1,1367748
Chr01_1367900_2042574,0.900861554775234,0.362628741957522,0.6975551414568463,1,1367900
Chr01_2042575_2043251,0.900861554775234,0.362628741957522,0.6975551414568463,1,2042575
Chr01_2043252_2231677,0.900861554775234,0.362628741957522,0.6975551414568463,1,2043252
Chr01_2231678_2231705,0.900861554775234,0.362628741957522,0.6975551414568463,1,2231678
Chr01_2231706_3033846,0.900861554775234,0.362628741957522,0.6975551414568463,1,2231706
Chr01_3033847_3052413,0.900861554775234,0.362628741957522,0.6975551414568463,1,3033847
Chr01_3052414_4229970,0.900861554775234,0.362628741957522,0.6975551414568463,1,3052414
Chr01_4229971_4235626,0.900861554775234,0.362628741957522,0.6975551414568463,1,4229971
Chr01_4235627_5264100,0.886794567431294,0.248652040315378,0.6749986894474067,1,4235627
Chr01_5264101_5264149,0.941508679281098,0.197826129024386,0.6749986894474067,1,5264101
Chr01_5264150_5885231,0.587921253252775,0.135517685913242,0.6550021485806696,1,5264150
Chr01_5885232_5886075,0.83157972437192,0.0928053364291343,0.5585830626583744,1,5885232
Chr01_5886076_6253003,0.96181433701142,0.0393249404562605,0.3978992294836051,1,5886076
Chr01_6253004_6253851,0.974209549453713,0.0461965687196109,0.43412475243698395,1,6253004
Chr01_6253852_6811196,0.753692492941347,0.0164907584984517,0.36565078599680984,1,6253852
Chr01_6811197_6811650,0.869497187483596,0.00707690288463983,0.36565078599680984,1,6811197
Chr01_6811651_7107385,0.771227910585275,0.0100331292941197,0.36565078599680984,1,6811651
Chr01_7107386_7117068,0.96060985717546,0.00494790869846239,0.36565078599680984,1,7107386
Chr01_7117069_8021093,0.883340255499366,0.00195677950242296,0.36565078599680984,1,7117069
Chr01_8021094_8021338,0.890632668532304,0.00381451304691278,0.36565078599680984,1,8021094
Chr01_8021339_8546533,0.890632668532304,0.00381451304691278,0.36565078599680984,1,8021339
Chr01_8546534_8548055,0.913518206291136,0.00241724758754085,0.36565078599680984,1,8546534
Chr01_8548056_9439189,0.841319093941216,0.00155405146308379,0.36565078599680984,1,8548056
Chr01_9439190_9439923,0.980492103934404,0.00614885234885279,0.36565078599680984,1,9439190
Chr01_9439924_10127710,0.914693182850736,0.0111467292631909,0.36565078599680984,1,9439924
Chr01_10127711_10127775,0.914693182850736,0.0111467292631909,0.36565078599680984,1,10127711
Chr01_10127776_10700451,0.947379434105066,0.00617798452076782,0.36565078599680984,1,10127776
Chr01_10700452_10700489,0.978581556224627,0.0376449307700479,0.3873784811498478,1,10700452
Chr01_10700490_11189458,0.835087707673066,0.0330640892383633,0.37306400218004176,1,10700490
Chr01_11189459_11289027,0.981566398214578,0.0252961274258052,0.36565078599680984,1,11189459
Chr01_11289028_11965532,0.979045231169871,0.0275127210199796,0.36565078599680984,1,11289028
Chr01_11965533_11966198,0.875529864596814,0.0217369837181706,0.36565078599680984,1,11965533
Chr01_11966199_12330339,0.761788112013404,0.0193895988829041,0.36565078599680984,1,11966199
Chr01_12330340_12330527,0.759274329831216,0.0220580227974601,0.36565078599680984,1,12330340
Chr01_12330528_13051606,0.56114479113885,0.0223063900352516,0.36565078599680984,1,12330528
Chr01_13051607_13052006,0.825884069478518,0.021381780416794,0.36565078599680984,1,13051607
Chr01_13052007_13382483,0.803678350402867,0.0312364667100865,0.37306400218004176,1,13052007
Chr01_13382484_13382509,0.941838297871507,0.0496730326472153,0.4399071271423927,1,13382484
Chr01_13382510_13576339,0.899883282358397,0.0266483634962726,0.36565078599680984,1,13382510
Chr01_13576340_13576350,0.941582206734746,0.0269298873839134,0.36565078599680984,1,13576340
Chr01_13576351_14061355,0.815922106289973,0.0351956938476853,0.3827531705935776,1,13576351
Chr01_14061356_14061634,0.997494290613138,0.0342264412918921,0.3764908542108131,1,14061356
Chr01_14061635_14604721,0.883958067242896,0.0410335065208844,0.4090527681300664,1,14061635
Chr01_14604722_14607157,0.988549726208669,0.0729962255728565,0.5174621323942493,1,14604722
Chr01_14607158_15449572,0.927853965406978,0.0813760916969296,0.53078581234637,1,14607158
Chr01_15449573_15456448,0.899374803367528,0.0818720183778799,0.53078581234637,1,15449573
Chr01_15456449_16406535,0.955175955274946,0.0754584677368542,0.521081175763819,1,15456449
Chr01_16406536_16454790,0.971768864915292,0.0777339474806504,0.521081175763819,1,16406536
Chr01_16454791_19216253,0.791597211041458,0.102610542112814,0.5739489738683574,1,16454791
Chr01_19216254_19216663,0.791597211041458,0.102610542112814,0.5739489738683574,1,19216254
Chr01_19216664_20661429,0.834894836983302,0.122701502407419,0.613512203357173,1,19216664
Chr01_20661430_20662913,0.967335840892168,0.164793379645251,0.6749986894474067,1,20661430
Chr01_20662914_21251875,0.994872579612051,0.177698002933943,0.6749986894474067,1,20662914
Chr01_21251876_21488109,0.953951928565055,0.208811475256239,0.6749986894474067,1,21251876
Chr01_21488110_22523058,0.714539358721583,0.259472850709594,0.6749986894474067,1,21488110
Chr01_22523059_22523376,0.924502200023246,0.37160036729269,0.7014231784992196,1,22523059
Chr01_22523377_25610270,0.851577112983166,0.501837102151246,0.8096500688474898,1,22523377
Chr01_25610271_25623774,0.908210154246134,0.707062624314762,0.9119392607401985,1,25610271
Chr01_25623775_25991881,0.928291039345367,0.691299913723152,0.8999982719049857,1,25623775
Chr01_25991882_26001088,0.89974391310997,0.702506738628079,0.9085120930636102,1,25991882
Chr01_26001089_26286066,0.889868675552466,0.691594226834554,0.8999982719049857,1,26001089
Chr01_26286067_26293474,0.889868675552466,0.691594226834554,0.8999982719049857,1,26286067
Chr01_26293475_26583692,0.728437974031391,0.697157055162753,0.9038214229911822,1,26293475
Chr01_26583693_26647317,0.753009852950077,0.716019342820426,0.915936219014819,1,26583693
Chr01_26647318_27308826,0.594821270783613,0.561841421353083,0.8237979654469509,1,26647318
Chr01_27308827_27314420,0.776740852338279,0.556190617565579,0.8237979654469509,1,27308827
Chr01_27314421_27701084,0.60549339617095,0.498162189357808,0.8096500688474898,1,27314421
Chr01_27701085_27712150,0.72410827710715,0.394098326956073,0.7211321202618773,1,27701085
Chr01_27712151_27987745,0.664060198621009,0.354756060526371,0.6975551414568463,1,27712151
Chr01_27987746_27996902,0.83734245240415,0.323670354187788,0.6975551414568463,1,27987746
Chr01_27996903_28327995,0.879833847070744,0.390861347433661,0.7211321202618773,1,27996903
Chr01_28327996_28328780,0.977170762118994,0.419147263083451,0.7392532292658871,1,28327996
Chr01_28328781_28712697,0.983379784923107,0.402664984735874,0.7229838468897399,1,28328781
Chr01_28712698_28712702,0.891443108817962,0.331830450901827,0.6975551414568463,1,28712698
Chr01_28712703_29260469,0.784891314954757,0.357516770739048,0.6975551414568463,1,28712703
Chr01_29260470_29264772,0.876149606561261,0.402369794700082,0.7229838468897399,1,29260470
Chr01_29264773_29827856,0.866782849372105,0.338236194513165,0.6975551414568463,1,29264773
Chr01_29827857_29864780,0.89081808714823,0.31888386047445,0.6975551414568463,1,29827857
Chr01_29864781_30461232,0.806274528070434,0.309593682312905,0.6902071134639793,1,29864781
Chr01_30461233_30463952,0.997647904160069,0.285764716911508,0.6826862392245048,1,30461233
Chr01_30463953_31287140,0.852443203214775,0.274836469071995,0.6749986894474067,1,30463953
Chr01_31287141_31299042,0.869197938146127,0.228989609550927,0.6749986894474067,1,31287141
Chr01_31299043_32249075,0.691015548513739,0.141293958478183,0.6562807077870493,1,31299043
Chr01_32249076_32254238,0.717658042494494,0.112254583914322,0.5857679733019603,1,32249076
Chr01_32254239_32925441,0.751305947070461,0.105745714040688,0.5739489738683574,1,32254239
Chr01_32925442_32925676,0.797524548419146,0.0915467714096817,0.5580271352806713,1,32925442
Chr01_32925677_33648211,0.800532955491881,0.109304109768746,0.5784444194180366,1,32925677
Chr01_33648212_33648861,0.944846948753903,0.106753309664125,0.5739489738683574,1,33648212
Chr01_33648862_33944256,0.944846948753903,0.106753309664125,0.5739489738683574,1,33648862
Chr01_33944257_33944395,0.944846948753903,0.106753309664125,0.5739489738683574,1,33944257
Chr01_33944396_34707623,0.775482536945425,0.223896004826343,0.6749986894474067,1,33944396
Chr01_34707624_34711948,0.858599076501116,0.580789106310427,0.8237979654469509,1,34707624
Chr01_34711949_35098398,0.771355332091519,0.601841560077798,0.8380575085250872,1,34711949
Chr01_35098399_35197978,0.861424953163921,0.681138190095588,0.8941690643641669,1,35098399
Chr01_35197979_35842906,0.922544070097473,0.742985666928453,0.9355753726980652,1,35197979
Chr01_35842907_35842941,0.849772126244858,0.677362267227734,0.890789555858481,1,35842907
Chr01_35842942_36467175,0.761123335098715,0.516840632788326,0.8096500688474898,1,35842942
Chr01_36467176_36477457,0.858807750342461,0.424343895258503,0.7437675966344092,1,36467176
Chr01_36477458_36677915,0.858807750342461,0.424343895258503,0.7437675966344092,1,36477458
Chr01_36677916_36678639,0.858807750342461,0.424343895258503,0.7437675966344092,1,36677916
Chr01_36678640_37008510,0.845752517053425,0.445320900291565,0.7549465390110636,1,36678640
Chr01_37008511_37008685,0.909874034316711,0.393973974402233,0.7211321202618773,1,37008511
Chr01_37008686_37399402,0.909874034316711,0.393973974402233,0.7211321202618773,1,37008686
Chr01_37399403_37399747,0.909874034316711,0.393973974402233,0.7211321202618773,1,37399403
Chr01_37399748_38492440,0.993436484225541,0.355110412637571,0.6975551414568463,1,37399748
Chr01_38492441_38553272,0.720190285129475,0.355894782505325,0.6975551414568463,1,38492441
Chr01_38553273_41248221,0.6523343508068,0.325945535807697,0.6975551414568463,1,38553273
Chr01_41248222_41249634,0.874455400193672,0.269287648186764,0.6749986894474067,1,41248222
Chr01_41249635_41946984,0.874455400193672,0.269287648186764,0.6749986894474067,1,41249635
Chr01_41946985_41946999,0.874455400193672,0.269287648186764,0.6749986894474067,1,41946985
Chr01_41947000_42826924,0.884745596615516,0.189501666231816,0.6749986894474067,1,41947000
Chr01_42826925_42828044,0.782778305965084,0.163595458689777,0.6749986894474067,1,42826925
Chr01_42828045_44953517,0.667189095607602,0.153983099500412,0.6749986894474067,1,42828045
Chr01_44953518_50495391,0.505898670937612,0.26894907062062,0.6749986894474067,1,44953518
Chr02_1_4524,0.925765952118609,0.0246731483911115,0.36565078599680984,2,1
Chr02_4525_349303,0.925765952118609,0.0246731483911115,0.36565078599680984,2,4525
Chr02_349304_361275,0.925765952118609,0.0246731483911115,0.36565078599680984,2,349304
Chr02_361276_876244,0.925765952118609,0.0246731483911115,0.36565078599680984,2,361276
Chr02_876245_880558,0.925765952118609,0.0246731483911115,0.36565078599680984,2,876245
Chr02_880559_1380844,0.925765952118609,0.0246731483911115,0.36565078599680984,2,880559
Chr02_1380845_1380870,0.925765952118609,0.0246731483911115,0.36565078599680984,2,1380845
Chr02_1380871_1588241,0.925765952118609,0.0246731483911115,0.36565078599680984,2,1380871
Chr02_1588242_1591077,0.925765952118609,0.0246731483911115,0.36565078599680984,2,1588242
Chr02_1591078_2117143,0.925765952118609,0.0246731483911115,0.36565078599680984,2,1591078
Chr02_2117144_2118662,0.925765952118609,0.0246731483911115,0.36565078599680984,2,2117144
Chr02_2118663_2439301,0.925765952118609,0.0246731483911115,0.36565078599680984,2,2118663
Chr02_2439302_2439318,0.925765952118609,0.0246731483911115,0.36565078599680984,2,2439302
Chr02_2439319_3802076,0.927048242949033,0.0194633926765622,0.36565078599680984,2,2439319
Chr02_3802077_3811171,0.950059401990716,0.0285612482124522,0.36936641269346965,2,3802077
Chr02_3811172_4203782,0.826024359349947,0.0313279386936238,0.37306400218004176,2,3811172
Chr02_4203783_4204963,0.9821079110681,0.0361048573134476,0.38667032174795224,2,4203783
Chr02_4204964_5059530,0.427528538290335,0.0196475715382987,0.36565078599680984,2,4204964
Chr02_5059531_5059566,0.789074457139157,0.0519430568099168,0.4399071271423927,2,5059531
Chr02_5059567_5396611,0.789074457139157,0.0519430568099168,0.4399071271423927,2,5059567
Chr02_5396612_5398283,0.789074457139157,0.0519430568099168,0.4399071271423927,2,5396612
Chr02_5398284_5923170,0.848021410638589,0.083483905307566,0.532826043158193,2,5398284
Chr02_5923171_5954021,0.718795601306543,0.11165108162256,0.5857679733019603,2,5923171
Chr02_5954022_6493859,0.774108662814506,0.160854859806297,0.6749986894474067,2,5954022
Chr02_6493860_6498865,0.889138741344039,0.239619346663123,0.6749986894474067,2,6493860
Chr02_6498866_6748647,0.897080307899725,0.228946565101683,0.6749986894474067,2,6498866
Chr02_6748648_6759682,0.829442544717808,0.188123532612631,0.6749986894474067,2,6748648
Chr02_6759683_7031301,0.965160780444877,0.368093360956852,0.6975551414568463,2,6759683
Chr02_7031302_7048371,0.908106945908093,0.361560272565727,0.6975551414568463,2,7031302
Chr02_7048372_7535720,0.854772506946117,0.432995696512501,0.7466939639927115,2,7048372
Chr02_7535721_7537775,0.832338793040904,0.773221765731314,0.9428321294463314,2,7535721
Chr02_7537776_7944758,0.986555515657985,0.945283750275729,0.9830752505631535,2,7537776
Chr02_7944759_7947379,0.92634895677854,0.974020494691981,0.9879619582224587,2,7944759
Chr02_7947380_8614429,0.821831103510812,0.891676157015174,0.9608629429205403,2,7947380
Chr02_8614430_8625186,0.962868801455448,0.966397107488349,0.9859723154225479,2,8614430
Chr02_8625187_9195211,0.811050679568856,0.961783190151023,0.9830752505631535,2,8625187
Chr02_9195212_9195222,0.915459380522793,0.822386658512352,0.9467232935347406,2,9195212
Chr02_9195223_9912687,0.78958775142701,0.849228942742285,0.9505404657361014,2,9195223
Chr02_9912688_9912975,0.946515705176391,0.7315780555904,0.9246976353869059,2,9912688
Chr02_9912976_10267833,0.83627997054838,0.933893016260467,0.9772611437124559,2,9912976
Chr02_10267834_10267871,0.818432461057028,0.840713190032693,0.9467232935347406,2,10267834
Chr02_10267872_10413420,0.818432461057028,0.840713190032693,0.9467232935347406,2,10267872
Chr02_10413421_10413478,0.818432461057028,0.840713190032693,0.9467232935347406,2,10413421
Chr02_10413479_11173441,0.762506359062537,0.904836409858435,0.9610748548662845,2,10413479
Chr02_11173442_11173501,0.860364002008937,0.451348465879189,0.7577903190287435,2,11173442
Chr02_11173502_11801906,0.775995309380122,0.321719825052597,0.6975551414568463,2,11173502
Chr02_11801907_12265594,0.910291471512818,0.30326458665742,0.6868930224919478,2,11801907
Chr02_12265595_12817972,0.877008993890434,0.258745399046729,0.6749986894474067,2,12265595
Chr02_12817973_12824108,0.86534643751886,0.320620864049622,0.6975551414568463,2,12817973
Chr02_12824109_13491547,0.573170115106013,0.316125288767078,0.6964799751398192,2,12824109
Chr02_13491548_13517019,0.569518411938943,0.311474363523252,0.6902071134639793,2,13491548
Chr02_13517020_14119781,0.875988385766013,0.165567195469796,0.6749986894474067,2,13517020
Chr02_14119782_14120038,0.741259904903908,0.219412483730848,0.6749986894474067,2,14119782
Chr02_14120039_14602012,0.741259904903908,0.219412483730848,0.6749986894474067,2,14120039
Chr02_14602013_14602277,0.741259904903908,0.219412483730848,0.6749986894474067,2,14602013
Chr02_14602278_15318678,0.741259904903908,0.219412483730848,0.6749986894474067,2,14602278
Chr02_15318679_15347678,0.741259904903908,0.219412483730848,0.6749986894474067,2,15318679
Chr02_15347679_15710186,0.741259904903908,0.219412483730848,0.6749986894474067,2,15347679
Chr02_15710187_15710672,0.741259904903908,0.219412483730848,0.6749986894474067,2,15710187
Chr02_15710673_16424164,0.741259904903908,0.219412483730848,0.6749986894474067,2,15710673
Chr02_16424165_16424173,0.741259904903908,0.219412483730848,0.6749986894474067,2,16424165
Chr02_16424174_19450199,0.741259904903908,0.219412483730848,0.6749986894474067,2,16424174
Chr02_19450200_19450542,0.741259904903908,0.219412483730848,0.6749986894474067,2,19450200
Chr02_19450543_21586712,0.989539890015093,0.224086283638908,0.6749986894474067,2,19450543
Chr02_21586713_21615015,0.512246641481182,0.0684229272303909,0.49233640119912847,2,21586713
Chr02_21615016_22274911,0.667783800807134,0.0632417867810678,0.4691658135618751,2,21615016
Chr02_22274912_22275977,0.794470318496787,0.0629809150722471,0.4691658135618751,2,22274912
Chr02_22275978_23006865,0.775970277508797,0.141205765359042,0.6562807077870493,2,22275978
Chr02_23006866_23006973,0.856465917341277,0.459279376149405,0.7657323396776665,2,23006866
Chr02_23006974_23411993,0.968241644888775,0.605515012975358,0.8386076228906189,2,23006974
Chr02_23411994_23412006,0.955572986462246,0.721106989635066,0.9176853578201571,2,23411994
Chr02_23412007_23945659,0.768756871455985,0.650074420283194,0.8652589989026658,2,23412007
Chr02_23945660_23950242,0.87463394577566,0.575576751259093,0.8237979654469509,2,23945660
Chr02_23950243_24283667,0.730377771736954,0.479062533602587,0.7888437295155416,2,23950243
Chr02_24283668_24284547,0.781002724847444,0.433096564749102,0.7466939639927115,2,24283668
Chr02_24284548_24771958,0.879803312236603,0.851799364197875,0.9511925222139631,2,24284548
Chr02_24771959_24772778,0.852603606748242,0.959094924104621,0.9830752505631535,2,24771959
Chr02_24772779_25141874,0.852603606748242,0.959094924104621,0.9830752505631535,2,24772779
Chr02_25141875_25263035,0.852603606748242,0.959094924104621,0.9830752505631535,2,25141875
Chr03_1_106416,0.827971114263834,0.25017745813602,0.6749986894474067,3,1
Chr03_106417_526428,0.827971114263834,0.25017745813602,0.6749986894474067,3,106417
Chr03_526429_537201,0.827971114263834,0.25017745813602,0.6749986894474067,3,526429
Chr03_537202_1923686,0.827971114263834,0.25017745813602,0.6749986894474067,3,537202
Chr03_1923687_1923687,0.827971114263834,0.25017745813602,0.6749986894474067,3,1923687
Chr03_1923688_2743575,0.827971114263834,0.25017745813602,0.6749986894474067,3,1923688
Chr03_2743576_2744190,0.827971114263834,0.25017745813602,0.6749986894474067,3,2743576
Chr03_2744191_3884923,0.827971114263834,0.25017745813602,0.6749986894474067,3,2744191
Chr03_3884924_3893054,0.827971114263834,0.25017745813602,0.6749986894474067,3,3884924
Chr03_3893055_4059970,0.719047748639249,0.324333579593847,0.6975551414568463,3,3893055
Chr03_4059971_4075833,0.796345616890645,0.378569107084922,0.7098444825159658,3,4059971
Chr03_4075834_5903046,0.947474401550638,0.27900102586402,0.6776750805884952,3,4075834
Chr03_5903047_5903373,0.992709562102019,0.414416660946872,0.7344384157891787,3,5903047
Chr03_5903374_7969157,0.70844191387307,0.203981065024919,0.6749986894474067,3,5903374
Chr03_7969158_8274732,0.974821338709579,0.0682212669513806,0.49233640119912847,3,7969158
Chr03_8274733_9254843,0.967799256657847,0.0242340355982698,0.36565078599680984,3,8274733
Chr03_9254844_9254878,0.885075653103057,0.0169711284392878,0.36565078599680984,3,9254844
Chr03_9254879_10127794,0.764821496101892,0.0254485015045482,0.36565078599680984,3,9254879
Chr03_10127795_10139932,0.792953456365492,0.0164021356145834,0.36565078599680984,3,10127795
Chr03_10139933_10720024,0.675920476315324,0.0114516681579568,0.36565078599680984,3,10139933
Chr03_10720025_10726457,0.956385514977476,0.0207896231991207,0.36565078599680984,3,10720025
Chr03_10726458_10961187,0.979838068130474,0.0128767881245468,0.36565078599680984,3,10726458
Chr03_10961188_10961225,0.931550871912488,0.0103620799876055,0.36565078599680984,3,10961188
Chr03_10961226_11253789,0.991398756980579,0.0163889205147554,0.36565078599680984,3,10961226
Chr03_11253790_11253893,0.914703010843407,0.0130047375558681,0.36565078599680984,3,11253790
Chr03_11253894_11536633,0.806397080296186,0.00955971910183884,0.36565078599680984,3,11253894
Chr03_11536634_11536648,0.929137604575985,0.0151286111836095,0.36565078599680984,3,11536634
Chr03_11536649_12459385,0.800213206020388,0.0503871706057649,0.4399071271423927,3,11536649
Chr03_12459386_12462540,0.950849105784429,0.14187979427793,0.6562807077870493,3,12459386
Chr03_12462541_13066986,0.929293583314543,0.171696336037806,0.6749986894474067,3,12462541
Chr03_13066987_13068914,0.866039830444819,0.230962453551491,0.6749986894474067,3,13066987
Chr03_13068915_13625984,0.834040451431477,0.214001850192917,0.6749986894474067,3,13068915
Chr03_13625985_13626006,0.879296709152304,0.254615293042283,0.6749986894474067,3,13625985
Chr03_13626007_14147424,0.635080005019521,0.339790490164253,0.6975551414568463,3,13626007
Chr03_14147425_14147618,0.637723308889497,0.264773677983267,0.6749986894474067,3,14147425
Chr03_14147619_14500824,0.635410336161992,0.346811586954739,0.6975551414568463,3,14147619
Chr03_14500825_14501741,0.870284867845092,0.519770798585115,0.8096500688474898,3,14500825
Chr03_14501742_14890630,0.826166429349766,0.560139900856185,0.8237979654469509,3,14501742
Chr03_14890631_14891342,0.843844269887234,0.572858777138219,0.8237979654469509,3,14890631
Chr03_14891343_15371439,0.566167129515059,0.459044242642305,0.7657323396776665,3,14891343
Chr03_15371440_15406238,0.609982129006803,0.463404826103784,0.7703959998156077,3,15371440
Chr03_15406239_15899985,0.752443934166842,0.724212488599518,0.9184808748273331,3,15406239
Chr03_15899986_15902720,0.988964122568016,0.867710514198382,0.9584949753139899,3,15899986
Chr03_15902721_16188167,0.906767272674308,0.974591643984709,0.9879619582224587,3,15902721
Chr03_16188168_16189364,0.822128806302151,0.775436195787417,0.9428321294463314,3,16188168
Chr03_16189365_16494570,0.872198686943848,0.79256344049254,0.9428321294463314,3,16189365
Chr03_16494571_16498778,0.977574137165266,0.644982364577258,0.8616230292181872,3,16494571
Chr03_16498779_16962746,0.977574137165266,0.644982364577258,0.8616230292181872,3,16498779
Chr03_16962747_16963027,0.977574137165266,0.644982364577258,0.8616230292181872,3,16962747
Chr03_16963028_17401125,0.808903311521214,0.3824185595786,0.7134007047109555,3,16963028
Chr03_17401126_17402555,0.768114635443503,0.326298510468979,0.6975551414568463,3,17401126
Chr03_17402556_18052868,0.989541467948697,0.333321038365061,0.6975551414568463,3,17402556
Chr03_18052869_18156486,0.822862978380203,0.308278807000693,0.6902071134639793,3,18052869
Chr03_18156487_19255904,0.883149352461486,0.0539030723874908,0.4485673067376408,3,18156487
Chr03_19255905_19255931,0.922889950607634,0.0278918572390461,0.36565078599680984,3,19255905
Chr03_19255932_20053666,0.930228001391658,0.0608817765307553,0.46704867267123656,3,19255932
Chr03_20053667_21816808,0.661542067146757,0.0660136673926485,0.4822525167539283,3,20053667
Chr04_1_60379,0.876930994272748,0.305046535589423,0.6868930224919478,4,1
Chr04_60380_871979,0.876930994272748,0.305046535589423,0.6868930224919478,4,60380
Chr04_871980_872101,0.876930994272748,0.305046535589423,0.6868930224919478,4,871980
Chr04_872102_1430273,0.809269961357343,0.255267184614913,0.6749986894474067,4,872102
Chr04_1430274_1430677,0.800315477272333,0.241937870442904,0.6749986894474067,4,1430274
Chr04_1430678_2488919,0.852456770698697,0.307379703347315,0.6902071134639793,4,1430678
Chr04_2488920_2489076,0.881557794745731,0.28965084745531,0.6844342247277325,4,2488920
Chr04_2489077_3015345,0.825204604773774,0.260665077195298,0.6749986894474067,4,2489077
Chr04_3015346_3039820,0.858103127600874,0.343796845916386,0.6975551414568463,4,3015346
Chr04_3039821_3679193,0.858555964812461,0.444078023977221,0.7549465390110636,4,3039821
Chr04_3679194_3679320,0.932591171893754,0.53876762812978,0.8158237660129738,4,3679194
Chr04_3679321_4621560,0.446641595111947,0.89205701615065,0.9608629429205403,4,3679321
Chr04_4621561_4621766,0.749715118927107,0.983832545648906,0.9879619582224587,4,4621561
Chr04_4621767_5680104,0.776585282379057,0.958135085577296,0.9830752505631535,4,4621767
Chr04_5680105_5693816,0.925141170589377,0.822584016260202,0.9467232935347406,4,5680105
Chr04_5693817_6604155,0.999000770190688,0.896340580783199,0.9608629429205403,4,5693817
Chr04_6604156_6604164,0.837188907974465,0.568822127859233,0.8237979654469509,4,6604156
Chr04_6604165_7681461,0.97487742569529,0.432606470911655,0.7466939639927115,4,6604165
Chr04_7681462_7681481,0.982175557720683,0.716599598054418,0.915936219014819,4,7681462
Chr04_7681482_8792851,0.878956961273575,0.578511748622391,0.8237979654469509,4,7681482
Chr04_8792852_8792885,0.78737467019632,0.408432440996279,0.7277170571452789,4,8792852
Chr04_8792886_9239982,0.888985342868967,0.288197743622466,0.6826862392245048,4,8792886
Chr04_9239983_9243613,0.979207274185458,0.337735932492078,0.6975551414568463,4,9239983
Chr04_9243614_11301819,0.770274527518002,0.675813480592834,0.890789555858481,4,9243614
Chr04_11301820_11302602,0.976162804533136,0.563175316622862,0.8237979654469509,4,11301820
Chr04_11302603_15406848,0.971656992417985,0.615855640445936,0.8450239434090953,4,11302603
Chr04_15406849_15406991,0.889017812022619,0.958938897400258,0.9830752505631535,4,15406849
Chr04_15406992_16569062,0.75557952363232,0.804523136000743,0.9446977192057805,4,15406992
Chr04_16569063_16569692,0.887122505937976,0.705799325566842,0.9115384002260025,4,16569063
Chr04_16569693_17499042,0.804143928620818,0.366828668942042,0.6975551414568463,4,16569693
Chr04_17499043_17500484,0.916270378820924,0.229602398279682,0.6749986894474067,4,17499043
Chr04_17500485_18088853,0.937520950014496,0.192411768571367,0.6749986894474067,4,17500485
Chr04_18088854_18090354,0.970829985703096,0.105416881275376,0.5739489738683574,4,18088854
Chr04_18090355_18758035,0.892664973420817,0.137967635380178,0.6562807077870493,4,18090355
Chr04_18758036_18759258,0.892107036186301,0.247000570986712,0.6749986894474067,4,18758036
Chr04_18759259_19314881,0.91706393190198,0.438959184330751,0.7501498917938012,4,18759259
Chr04_19314882_19315212,0.922249194143845,0.726261690444678,0.9193550763962393,4,19314882
Chr04_19315213_19574666,0.976360290221429,0.51636004506389,0.8096500688474898,4,19315213
Chr04_19574667_19576084,0.960134580742666,0.525672056520846,0.8096500688474898,4,19574667
Chr04_19576085_20375262,0.859138382478325,0.409103214988673,0.7277170571452789,4,19576085
Chr04_20375263_20379610,0.815296680236481,0.273716258311478,0.6749986894474067,4,20375263
Chr04_20379611_20827096,0.922242961194654,0.218736046146308,0.6749986894474067,4,20379611
Chr04_20827097_20828255,0.96011486852333,0.158544178692483,0.6749986894474067,4,20827097
Chr04_20828256_21207018,0.96011486852333,0.158544178692483,0.6749986894474067,4,20828256
Chr04_21207019_21217226,0.96011486852333,0.158544178692483,0.6749986894474067,4,21207019
Chr04_21217227_21635086,0.695300018149009,0.220776866227753,0.6749986894474067,4,21217227
Chr04_21635087_21635139,0.98797638035079,0.254348767574501,0.6749986894474067,4,21635087
Chr04_21635140_22329114,0.89694911832627,0.181598427326786,0.6749986894474067,4,21635140
Chr04_22329115_22346222,0.944061541981198,0.207209574014716,0.6749986894474067,4,22329115
Chr04_22346223_23215322,0.995591787337831,0.286875682411989,0.6826862392245048,4,22346223
Chr04_23215323_23215469,0.969063221902854,0.204763172499706,0.6749986894474067,4,23215323
Chr04_23215470_23353865,0.910415256177435,0.192148500555458,0.6749986894474067,4,23215470
Chr04_23353866_23365679,0.846758867495879,0.298693712642592,0.6868930224919478,4,23353866
Chr04_23365680_24212987,0.800108613296059,0.256511661602611,0.6749986894474067,4,23365680
Chr04_24212988_24267051,0.879486218294325,0.254387416971855,0.6749986894474067,4,24212988
Chr05_1_2455,0.747143862265392,0.304503559852504,0.6868930224919478,5,1
Chr05_2456_233879,0.747143862265392,0.304503559852504,0.6868930224919478,5,2456
Chr05_233880_233961,0.747143862265392,0.304503559852504,0.6868930224919478,5,233880
Chr05_233962_298267,0.944211253794775,0.266453346305266,0.6749986894474067,5,233962
Chr05_298268_299973,0.96288566590586,0.214783406954811,0.6749986894474067,5,298268
Chr05_299974_977551,0.96288566590586,0.214783406954811,0.6749986894474067,5,299974
Chr05_977552_977727,0.96288566590586,0.214783406954811,0.6749986894474067,5,977552
Chr05_977728_1700771,0.99651159654245,0.245199129393763,0.6749986894474067,5,977728
Chr05_1700772_1701064,0.809687597867278,0.242027389376586,0.6749986894474067,5,1700772
Chr05_1701065_2022055,0.792574464318544,0.269843466977492,0.6749986894474067,5,1701065
Chr05_2022056_2023093,0.88218277450428,0.325259398821081,0.6975551414568463,5,2022056
Chr05_2023094_2828367,0.686620646016242,0.236829199328011,0.6749986894474067,5,2023094
Chr05_2828368_2831066,0.686620646016242,0.236829199328011,0.6749986894474067,5,2828368
Chr05_2831067_3339589,0.686620646016242,0.236829199328011,0.6749986894474067,5,2831067
Chr05_3339590_3341550,0.903766797880497,0.260814508657654,0.6749986894474067,5,3339590
Chr05_3341551_3707259,0.98622905794542,0.204915821574126,0.6749986894474067,5,3341551
Chr05_3707260_3707643,0.955605707918974,0.190526483276324,0.6749986894474067,5,3707260
Chr05_3707644_4690548,0.905305761446981,0.232578383711105,0.6749986894474067,5,3707644
Chr05_4690549_4691173,0.861670579253143,0.151111861656072,0.6749986894474067,5,4690549
Chr05_4691174_5438561,0.748464342730268,0.086036448876354,0.5416900103596762,5,4691174
Chr05_5438562_5438584,0.997368965307158,0.21451044675954,0.6749986894474067,5,5438562
Chr05_5438585_5830688,0.84507714832082,0.134581674220555,0.6537800113150819,5,5438585
Chr05_5830689_5831721,0.98469674219171,0.06036667624466,0.46704867267123656,5,5830689
Chr05_5831722_6053795,0.98469674219171,0.06036667624466,0.46704867267123656,5,5831722
Chr05_6053796_8364906,0.737756475030902,0.224187803865233,0.6749986894474067,5,6053796
Chr05_8364907_8727528,0.981930913306261,0.553732938092596,0.8237979654469509,5,8364907
Chr05_8727529_8771223,0.981930913306261,0.553732938092596,0.8237979654469509,5,8727529
Chr05_8771224_9570943,0.921458965310183,0.805706441968478,0.9449277756909723,5,8771224
Chr05_9570944_9570948,0.868006370397664,0.916689075374043,0.9693607128540984,5,9570944
Chr05_9570949_10935315,0.979083114209147,0.732414637014916,0.9246976353869059,5,9570949
Chr05_10935316_10935416,0.785158675261861,0.304863653599829,0.6868930224919478,5,10935316
Chr05_10935417_11899786,0.807960608621957,0.340450752238569,0.6975551414568463,5,10935417
Chr05_11899787_11901447,0.928337130438155,0.330782562927421,0.6975551414568463,5,11899787
Chr05_11901448_13455218,0.993229949254871,0.380431312408037,0.7110796210439285,5,11901448
Chr05_13455219_13455274,0.901579471781211,0.44649920698042,0.7549465390110636,5,13455219
Chr05_13455275_17921116,0.82610794107002,0.408282294038822,0.7277170571452789,5,13455275
Chr05_17921117_17922023,0.752919336508421,0.365196773666224,0.6975551414568463,5,17921117
Chr05_17922024_19267669,0.765870389702936,0.22670440513469,0.6749986894474067,5,17922024
Chr05_19267670_19267875,0.774619094942438,0.136542152736728,0.6562807077870493,5,19267670
Chr05_19267876_19619032,0.75555221937479,0.367296734781477,0.6975551414568463,5,19267876
Chr05_19619033_19619349,0.890725785278159,0.724611348479244,0.9184808748273331,5,19619033
Chr05_19619350_20528089,0.890725785278159,0.724611348479244,0.9184808748273331,5,19619350
Chr05_20528090_20538257,0.809028982185815,0.568385163407727,0.8237979654469509,5,20528090
Chr05_20538258_21142688,0.786370442496547,0.603739437003742,0.8380575085250872,5,20538258
Chr05_21142689_21206441,0.829836777017478,0.645542018755946,0.8616230292181872,5,21142689
Chr05_21206442_21547330,0.794215477289254,0.614283833855945,0.8450239434090953,5,21206442
Chr05_21547331_21547901,0.884424848244695,0.697333923484199,0.9038214229911822,5,21547331
Chr05_21547902_22130043,0.830144575229728,0.450388229441755,0.7577903190287435,5,21547902
Chr05_22130044_22141443,0.984936327249611,0.266604123600761,0.6749986894474067,5,22130044
Chr05_22141444_22484512,0.930565297494512,0.304679318843226,0.6868930224919478,5,22141444
Chr05_22484513_22484573,0.995700921626439,0.319882193603295,0.6975551414568463,5,22484513
Chr05_22484574_23162182,0.948892694936065,0.468613812063759,0.7745482178670422,5,22484574
Chr05_23162183_23162355,0.932094637783439,0.579351600411378,0.8237979654469509,5,23162183
Chr05_23162356_23643671,0.932094637783439,0.579351600411378,0.8237979654469509,5,23162356
Chr05_23643672_23643758,0.932094637783439,0.579351600411378,0.8237979654469509,5,23643672
Chr05_23643759_24127335,0.932094637783439,0.579351600411378,0.8237979654469509,5,23643759
Chr05_24127336_24170895,0.932094637783439,0.579351600411378,0.8237979654469509,5,24127336
Chr05_24170896_24329822,0.932094637783439,0.579351600411378,0.8237979654469509,5,24170896
Chr05_24329823_24329978,0.932094637783439,0.579351600411378,0.8237979654469509,5,24329823
Chr05_24329979_24697349,0.932094637783439,0.579351600411378,0.8237979654469509,5,24329979
Chr05_24697350_24697359,0.932094637783439,0.579351600411378,0.8237979654469509,5,24697350
Chr05_24697360_24981555,0.932094637783439,0.579351600411378,0.8237979654469509,5,24697360
Chr05_24981556_24990031,0.932094637783439,0.579351600411378,0.8237979654469509,5,24981556
Chr05_24990032_25290582,0.932094637783439,0.579351600411378,0.8237979654469509,5,24990032
Chr05_25290583_25776715,0.932094637783439,0.579351600411378,0.8237979654469509,5,25290583
Chr05_25776716_25778964,0.932094637783439,0.579351600411378,0.8237979654469509,5,25776716
Chr05_25778965_25878632,0.932094637783439,0.579351600411378,0.8237979654469509,5,25778965
Chr05_25878633_25890704,0.932094637783439,0.579351600411378,0.8237979654469509,5,25878633
Chr06_1_259995,0.926742873269413,0.84285083186165,0.9467232935347406,6,1
Chr06_259996_397295,0.926742873269413,0.84285083186165,0.9467232935347406,6,259996
Chr06_397296_397486,0.926742873269413,0.84285083186165,0.9467232935347406,6,397296
Chr06_397487_679655,0.926742873269413,0.84285083186165,0.9467232935347406,6,397487
Chr06_679656_680000,0.926742873269413,0.84285083186165,0.9467232935347406,6,679656
Chr06_680001_1379924,0.926742873269413,0.84285083186165,0.9467232935347406,6,680001
Chr06_1379925_1379928,0.926742873269413,0.84285083186165,0.9467232935347406,6,1379925
Chr06_1379929_2161351,0.926742873269413,0.84285083186165,0.9467232935347406,6,1379929
Chr06_2161352_2162741,0.926742873269413,0.84285083186165,0.9467232935347406,6,2161352
Chr06_2162742_2812365,0.926742873269413,0.84285083186165,0.9467232935347406,6,2162742
Chr06_2812366_2854281,0.926742873269413,0.84285083186165,0.9467232935347406,6,2812366
Chr06_2854282_3591118,0.926742873269413,0.84285083186165,0.9467232935347406,6,2854282
Chr06_3591119_3591161,0.926742873269413,0.84285083186165,0.9467232935347406,6,3591119
Chr06_3591162_4332358,0.680668584170965,0.791399077376245,0.9428321294463314,6,3591162
Chr06_4332359_4333525,0.849372253521327,0.716494539707633,0.915936219014819,6,4332359
Chr06_4333526_4729813,0.897222189686518,0.765586262540474,0.9428321294463314,6,4333526
Chr06_4729814_4730190,0.96619794095101,0.813571141457352,0.9467232935347406,6,4729814
Chr06_4730191_4943086,0.950766473170969,0.716861262321943,0.915936219014819,6,4730191
Chr06_4943087_4945020,0.886048476421166,0.773824486509143,0.9428321294463314,6,4943087
Chr06_4945021_5645609,0.751704186163496,0.887506003086437,0.9608629429205403,6,4945021
Chr06_5645610_5645657,0.808904078468209,0.686931753318915,0.8980788086423519,6,5645610
Chr06_5645658_6007252,0.832436400542012,0.71033731733101,0.9137000170507751,6,5645658
Chr06_6007253_6023229,0.929087274454713,0.840671162170584,0.9467232935347406,6,6007253
Chr06_6023230_6323822,0.838913520109109,0.551643110251377,0.8237979654469509,6,6023230
Chr06_6323823_6326862,0.867441064209897,0.574248416584163,0.8237979654469509,6,6323823
Chr06_6326863_6574776,0.89098018647463,0.261587422811188,0.6749986894474067,6,6326863
Chr06_6574777_6576752,0.647509364830563,0.131583593530055,0.642477035756442,6,6574777
Chr06_6576753_7113978,0.707581250490274,0.113935640238143,0.5893859876102857,6,6576753
Chr06_7113979_7113996,0.78157463414294,0.0437179827649206,0.43132071655700016,6,7113979
Chr06_7113997_7673552,0.68622843371959,0.048318717843674,0.4399071271423927,6,7113997
Chr06_7673553_7673592,0.68622843371959,0.048318717843674,0.4399071271423927,6,7673553
Chr06_7673593_7875888,0.904250622835438,0.026743002385099,0.36565078599680984,6,7673593
Chr06_7875889_7883252,0.955015100962492,0.0327660624744059,0.37306400218004176,6,7875889
Chr06_7883253_8477750,0.955015100962492,0.0327660624744059,0.37306400218004176,6,7883253
Chr06_8477751_8480774,0.955015100962492,0.0327660624744059,0.37306400218004176,6,8477751
Chr06_8480775_8816554,0.965272637897296,0.024239128774621,0.36565078599680984,6,8480775
Chr06_8816555_8818505,0.847327749011558,0.0173293070829589,0.36565078599680984,6,8816555
Chr06_8818506_9125750,0.847327749011558,0.0173293070829589,0.36565078599680984,6,8818506
Chr06_9125751_9125978,0.887560168888053,0.0249758157977883,0.36565078599680984,6,9125751
Chr06_9125979_9408072,0.937726592860863,0.0146714481718504,0.36565078599680984,6,9125979
Chr06_9408073_9411952,0.699863463696486,0.0310889255958257,0.37306400218004176,6,9408073
Chr06_9411953_9750202,0.632721846841272,0.0209611218624226,0.36565078599680984,6,9411953
Chr06_9750203_9750817,0.775667595089263,0.015927060238683,0.36565078599680984,6,9750203
Chr06_9750818_10501424,0.931952591981996,0.0176593879406356,0.36565078599680984,6,9750818
Chr06_10501425_10501502,0.931952591981996,0.0176593879406356,0.36565078599680984,6,10501425
Chr06_10501503_10924054,0.931952591981996,0.0176593879406356,0.36565078599680984,6,10501503
Chr06_10924055_10924251,0.931952591981996,0.0176593879406356,0.36565078599680984,6,10924055
Chr06_10924252_11829405,0.931952591981996,0.0176593879406356,0.36565078599680984,6,10924252
Chr06_11829406_11829488,0.739150547902874,0.0765135787439814,0.521081175763819,6,11829406
Chr06_11829489_12203082,0.697528763260494,0.0881052868123098,0.5439790934153579,6,11829489
Chr06_12203083_12203332,0.689665617993239,0.087161014300242,0.5439790934153579,6,12203083
Chr06_12203333_13356130,0.894047610459641,0.143396844701854,0.6562807077870493,6,12203333
Chr06_13356131_13356606,0.814640562614721,0.275069126915126,0.6749986894474067,6,13356131
Chr06_13356607_16929528,0.973894072434112,0.164607660919746,0.6749986894474067,6,13356607
Chr06_16929529_16931258,0.914207918268458,0.141789255132966,0.6562807077870493,6,16929529
Chr06_16931259_18463096,0.898092810845398,0.159613906365735,0.6749986894474067,6,16931259
Chr06_18463097_18636101,0.596510982520779,0.115840699842841,0.5960190846752625,6,18463097
Chr06_18636102_19779022,0.854331079236912,0.188031799746955,0.6749986894474067,6,18636102
Chr06_19779023_19779612,0.927365741537588,0.249546968352043,0.6749986894474067,6,19779023
Chr06_19779613_20945407,0.927365741537588,0.249546968352043,0.6749986894474067,6,19779613
Chr06_20945408_20964449,0.927365741537588,0.249546968352043,0.6749986894474067,6,20945408
Chr06_20964450_21544394,0.927365741537588,0.249546968352043,0.6749986894474067,6,20964450
Chr06_21544395_21556767,0.927365741537588,0.249546968352043,0.6749986894474067,6,21544395
Chr06_21556768_22349429,0.757508832338032,0.609003763144946,0.8397933736739386,6,21556768
Chr06_22349430_22349443,0.977060951284693,0.847112832141422,0.9503950531762495,6,22349430
Chr06_22349444_22574746,0.776486810082121,0.607624380826715,0.8395512424076221,6,22349444
Chr06_22574747_22574770,0.851302229686878,0.869356862280626,0.9584949753139899,6,22574747
Chr06_22574771_22966028,0.865773239856815,0.803159632588193,0.9442552437185512,6,22574771
Chr06_22966029_22966159,0.9114064407365,0.962516467235408,0.9830752505631535,6,22966029
Chr06_22966160_23488310,0.896920880232271,0.994741650706919,0.9969632311510368,6,22966160
Chr06_23488311_23488483,0.853169171925011,0.935821060583036,0.9777082477925388,6,23488311
Chr06_23488484_23820127,0.658028119628091,0.86267055699724,0.9557036977409287,6,23488484
Chr06_23820128_23820128,0.719782761199286,0.982296414944053,0.9879619582224587,6,23820128
Chr06_23820129_23984701,0.683506003462776,0.97117012758501,0.9879619582224587,6,23820129
Chr06_23984702_23984901,0.880484339686338,0.981887288381237,0.9879619582224587,6,23984702
Chr06_23984902_24278135,0.880484339686338,0.981887288381237,0.9879619582224587,6,23984902
Chr06_24278136_24278203,0.880484339686338,0.981887288381237,0.9879619582224587,6,24278136
Chr06_24278204_25233228,0.85832721009485,0.929676255170722,0.9753443107296125,6,24278204
Chr06_25233229_25236062,0.938414478288768,0.853359895968511,0.9518244993494931,6,25233229
Chr06_25236063_25583658,0.84856764219674,0.934371939913163,0.9772611437124559,6,25236063
Chr06_25583659_25583693,0.81065637490782,0.896500690500314,0.9608629429205403,6,25583659
Chr06_25583694_25860981,0.815918603746254,0.99888105136461,0.99888105136461,6,25583694
Chr06_25860982_25901334,0.930896936830068,0.907966884928873,0.9622639079478753,6,25860982
Chr06_25901335_26337755,0.930896936830068,0.907966884928873,0.9622639079478753,6,25901335
Chr06_26337756_26337985,0.937082811165733,0.797429397430991,0.9428321294463314,6,26337756
Chr06_26337986_26895033,0.893647974109529,0.563395234011829,0.8237979654469509,6,26337986
Chr06_26895034_26895066,0.845320539336048,0.520803305417943,0.8096500688474898,6,26895034
Chr06_26895067_27425111,0.845320539336048,0.520803305417943,0.8096500688474898,6,26895067
Chr06_27425112_27425380,0.845320539336048,0.520803305417943,0.8096500688474898,6,27425112
Chr06_27425381_27823758,0.845320539336048,0.520803305417943,0.8096500688474898,6,27425381
Chr06_27823759_27826169,0.995954538813566,0.3671430208096,0.6975551414568463,6,27823759
Chr06_27826170_27910650,0.995954538813566,0.3671430208096,0.6975551414568463,6,27826170
Chr06_27910651_27912125,0.995954538813566,0.3671430208096,0.6975551414568463,6,27910651
Chr07_1_32432,0.827816599106553,0.607950899674485,0.8395512424076221,7,1
Chr07_32433_552658,0.851238632202049,0.697935247220986,0.9038214229911822,7,32433
Chr07_552659_552662,0.787692925464318,0.9207146639708,0.9714707093936666,7,552659
Chr07_552663_955461,0.711703727331958,0.977858839168469,0.9879619582224587,7,552663
Chr07_955462_955511,0.8447116781464,0.958049404725207,0.9830752505631535,7,955462
Chr07_955512_1197275,0.642223013718757,0.922343495314999,0.9715091208065392,7,955512
Chr07_1197276_1197353,0.709644918901322,0.97890130672826,0.9879619582224587,7,1197276
Chr07_1197354_1659530,0.688430818981012,0.99592147228881,0.9969632311510368,7,1197354
Chr07_1659531_1660919,0.920457809385429,0.890813870565639,0.9608629429205403,7,1659531
Chr07_1660920_2046957,0.989582850530533,0.772166530508783,0.9428321294463314,7,1660920
Chr07_2046958_2046977,0.9154514417402,0.83976213932478,0.9467232935347406,7,2046958
Chr07_2046978_2291877,0.9154514417402,0.83976213932478,0.9467232935347406,7,2046978
Chr07_2291878_2300559,0.9154514417402,0.83976213932478,0.9467232935347406,7,2291878
Chr07_2300560_2687802,0.793379430795258,0.777861419226678,0.9428321294463314,7,2300560
Chr07_2687803_2687813,0.931856311537308,0.95777132726915,0.9830752505631535,7,2687803
Chr07_2687814_3941375,0.772289623309482,0.494612730006651,0.8096500688474898,7,2687814
Chr07_3941376_3941394,0.811486549685829,0.0877481025588356,0.5439790934153579,7,3941376
Chr07_3941395_4409564,0.771931497587114,0.108142284742838,0.5781685279267932,7,3941395
Chr07_4409565_4409596,0.747922543762783,0.112624145337054,0.5857679733019603,7,4409565
Chr07_4409597_8690237,0.469711353464582,0.0394988785798772,0.3978992294836051,7,4409597
Chr07_8690238_8690302,0.707569804195442,0.0462703497895218,0.43412475243698395,7,8690238
Chr07_8690303_9329666,0.758174787785643,0.0555940514129734,0.4586509241570305,7,8690303
Chr07_9329667_10358888,0.673641818885334,0.0231889452178978,0.36565078599680984,7,9329667
Chr07_10358889_10430627,0.844424148344709,0.0237465240911407,0.36565078599680984,7,10358889
Chr07_10430628_11516534,0.789758890356643,0.0237296793619897,0.36565078599680984,7,10430628
Chr07_11516535_11518035,0.809365766726519,0.0221054464742578,0.36565078599680984,7,11516535
Chr07_11518036_12622483,0.916084965352363,0.00533512790756407,0.36565078599680984,7,11518036
Chr07_12622484_15610913,0.656272448963161,0.00167358980675652,0.36565078599680984,7,12622484
Chr08_1_102758,0.784615148575852,0.356270648103021,0.6975551414568463,8,1
Chr08_102759_588290,0.784615148575852,0.356270648103021,0.6975551414568463,8,102759
Chr08_588291_630205,0.773465968462223,0.359537427642651,0.6975551414568463,8,588291
Chr08_630206_1034461,0.636317506495514,0.316581806881736,0.6964799751398192,8,630206
Chr08_1034462_1048611,0.703575911034481,0.360953215223283,0.6975551414568463,8,1034462
Chr08_1048612_1298750,0.707080011929892,0.640099657074215,0.8591519941374808,8,1048612
Chr08_1298751_1298989,0.779599231198151,0.581909534631284,0.8237979654469509,8,1298751
Chr08_1298990_1806964,0.779599231198151,0.581909534631284,0.8237979654469509,8,1298990
Chr08_1806965_1807002,0.779599231198151,0.581909534631284,0.8237979654469509,8,1806965
Chr08_1807003_1967030,0.587946145754443,0.648819285874737,0.8647911651561607,8,1807003
Chr08_1967031_1967191,0.770969702291766,0.875811087518428,0.9608629429205403,8,1967031
Chr08_1967192_2343254,0.75627052092264,0.894630221393095,0.9608629429205403,8,1967192
Chr08_2343255_2343756,0.933130917802866,0.794097965141295,0.9428321294463314,8,2343255
Chr08_2343757_2499765,0.827192446950847,0.427133893566556,0.7466939639927115,8,2343757
Chr08_2499766_2499872,0.810665125156469,0.435376417876628,0.7466939639927115,8,2499766
Chr08_2499873_2709726,0.554744996717675,0.312288067011393,0.6902071134639793,8,2499873
Chr08_2709727_2709867,0.668674847479319,0.174280102619181,0.6749986894474067,8,2709727
Chr08_2709868_3310722,0.679352488550975,0.166890405391289,0.6749986894474067,8,2709868
Chr08_3310723_3336326,0.839987153461413,0.141117585482364,0.6562807077870493,8,3310723
Chr08_3336327_3584862,0.820257099043171,0.152061766809019,0.6749986894474067,8,3336327
Chr08_3584863_3587355,0.799422929586149,0.156632750611069,0.6749986894474067,8,3584863
Chr08_3587356_3989020,0.652492950893542,0.196525544413308,0.6749986894474067,8,3587356
Chr08_3989021_4058960,0.765459296879248,0.245639676298085,0.6749986894474067,8,3989021
Chr08_4058961_4449509,0.765870722211776,0.249865444533376,0.6749986894474067,8,4058961
Chr08_4449510_4449514,0.974376904827094,0.284209777297937,0.6816760823912925,8,4449510
Chr08_4449515_5019584,0.735180841939349,0.25952194151311,0.6749986894474067,8,4449515
Chr08_5019585_5029273,0.749467658981497,0.181420373895789,0.6749986894474067,8,5019585
Chr08_5029274_5540148,0.900160198873274,0.253304955122442,0.6749986894474067,8,5029274
Chr08_5540149_5540280,0.982401510656659,0.446177834625844,0.7549465390110636,8,5540149
Chr08_5540281_6043183,0.912223122741175,0.496756993063452,0.8096500688474898,8,5540281
Chr08_6043184_6044929,0.99847614070389,0.516111995522955,0.8096500688474898,8,6043184
Chr08_6044930_6375617,0.805191792680318,0.506796017137564,0.8096500688474898,8,6044930
Chr08_6375618_6375625,0.726905198298029,0.56535826138623,0.8237979654469509,8,6375618
Chr08_6375626_6805444,0.797590511782925,0.684680071865832,0.8963595468886475,8,6375626
Chr08_6805445_6805601,0.929429698139664,0.962530313247309,0.9830752505631535,8,6805445
Chr08_6805602_7350099,0.856990958509818,0.817692561252531,0.9467232935347406,8,6805602
Chr08_7350100_7385234,0.899252964235707,0.586513778799722,0.8278667939695191,8,7350100
Chr08_7385235_8118037,0.828734863872675,0.527484633285625,0.8096500688474898,8,7385235
Chr08_8118038_8118605,0.848498671664857,0.501918885217583,0.8096500688474898,8,8118038
Chr08_8118606_8438426,0.78946136099687,0.4508448828126,0.7577903190287435,8,8118606
Chr08_8438427_8449799,0.853391638471342,0.40015177458884,0.7229838468897399,8,8438427
Chr08_8449800_8952307,0.682409580997963,0.779398773446844,0.9428321294463314,8,8449800
Chr08_8952308_8971278,0.920743563654367,0.97985952924065,0.9879619582224587,8,8952308
Chr08_8971279_9678606,0.911267030460575,0.718936746314188,0.9161417659423141,8,8971279
Chr08_9678607_9678749,0.847752655954169,0.636487348780411,0.8555033606500749,8,9678607
Chr08_9678750_9935166,0.970455431294096,0.434774285151893,0.7466939639927115,8,9678750
Chr08_9935167_9941844,0.970455431294096,0.434774285151893,0.7466939639927115,8,9935167
Chr08_9941845_10355573,0.941288012154184,0.455945957506594,0.7628326596744939,8,9941845
Chr08_10355574_10355586,0.719666560231434,0.323453605845141,0.6975551414568463,8,10355574
Chr08_10355587_10571239,0.704303275982766,0.338563834512444,0.6975551414568463,8,10355587
Chr08_10571240_10571442,0.842420035219165,0.429489477293129,0.7466939639927115,8,10571240
Chr08_10571443_11238535,0.745311049312636,0.419450891840519,0.7392532292658871,8,10571443
Chr08_11238536_11239062,0.802803075477867,0.415423195923496,0.7348613650624505,8,11238536
Chr08_11239063_11649947,0.731276262205676,0.522402913732291,0.8096500688474898,8,11239063
Chr08_11649948_11650201,0.769127929131507,0.602569529854541,0.8380575085250872,8,11649948
Chr08_11650202_12171282,0.637795576608932,0.718684046018217,0.9161417659423141,8,11650202
Chr08_12171283_12199287,0.747875203791962,0.838387117084726,0.9467232935347406,8,12171283
Chr08_12199288_13035204,0.937316886844392,0.602576411648266,0.8380575085250872,8,12199288
Chr08_13035205_13105429,0.830905046305928,0.474744356298642,0.7833281878927593,8,13035205
Chr08_13105430_13536520,0.776874605420655,0.43333435029825,0.7466939639927115,8,13105430
Chr08_13536521_13542308,0.937760386226741,0.436992708450639,0.7481252629468006,8,13536521
Chr08_13542309_14104211,0.498993717823606,0.369366980670178,0.6985853764849018,8,13542309
Chr08_14104212_14105694,0.731888107290781,0.264186001736117,0.6749986894474067,8,14104212
Chr08_14105695_14813664,0.889689865378065,0.283453401073576,0.681570112631689,8,14105695
Chr08_14813665_14813687,0.797576061434149,0.604242090786113,0.8380575085250872,8,14813665
Chr08_14813688_17425951,0.830150950029515,0.788009552141961,0.9428321294463314,8,14813688
Chr08_17425952_17425981,0.920048550471537,0.876976760641139,0.9608629429205403,8,17425952
Chr08_17425982_18276165,0.920048550471537,0.876976760641139,0.9608629429205403,8,17425982
Chr08_18276166_19465461,0.920048550471537,0.876976760641139,0.9608629429205403,8,18276166
Chr09_1_612725,0.877707127164492,0.783668814927646,0.9428321294463314,9,1
Chr09_612726_1670684,0.772661430200402,0.280043781692986,0.6784858204561711,9,612726
Chr09_1670685_1670706,0.859215640501996,0.330335208436171,0.6975551414568463,9,1670685
Chr09_1670707_2864682,0.859215640501996,0.330335208436171,0.6975551414568463,9,1670707
Chr09_2864683_2931938,0.856262553834241,0.177407277717922,0.6749986894474067,9,2864683
Chr09_2931939_3805343,0.969215057825412,0.149379487492115,0.6743215543865757,9,2931939
Chr09_3805344_3897497,0.821826202981807,0.0939274221825862,0.561065343231711,9,3805344
Chr09_3897498_4348780,0.859700086414512,0.0727050121420912,0.5174621323942493,9,3897498
Chr09_4348781_4349349,0.856431922497381,0.0641304852051518,0.4720990333948482,9,4348781
Chr09_4349350_4815906,0.948921438919667,0.0376159607953903,0.3873784811498478,9,4349350
Chr09_4815907_4815948,0.914625293328214,0.0375189865216316,0.3873784811498478,9,4815907
Chr09_4815949_4950038,0.955100195496498,0.0363639801016883,0.38667032174795224,9,4815949
Chr09_4950039_4951556,0.936845856763615,0.0335250827455419,0.37306400218004176,9,4950039
Chr09_4951557_5226408,0.936845856763615,0.0335250827455419,0.37306400218004176,9,4951557
Chr09_5226409_5226548,0.976034172799798,0.0332064013195139,0.37306400218004176,9,5226409
Chr09_5226549_5587934,0.951086788357058,0.0316577551164425,0.37306400218004176,9,5226549
Chr09_5587935_5587972,0.951086788357058,0.0316577551164425,0.37306400218004176,9,5587935
Chr09_5587973_5894832,0.863728572205353,0.0257111393095197,0.36565078599680984,9,5587973
Chr09_5894833_5962556,0.972920949015614,0.0228246167988854,0.36565078599680984,9,5894833
Chr09_5962557_6348625,0.821242814559458,0.0274362547026275,0.36565078599680984,9,5962557
Chr09_6348626_6642511,0.765262269524778,0.0253208032933362,0.36565078599680984,9,6348626
Chr09_6642512_6642848,0.841707574520442,0.0961491288296767,0.561065343231711,9,6642512
Chr09_6642849_7022695,0.859284523588729,0.0956812931190403,0.561065343231711,9,6642849
Chr09_7022696_7029767,0.906474670946237,0.0794505102983767,0.5280148496912951,9,7022696
Chr09_7029768_7643120,0.896934481073374,0.08208599814761,0.53078581234637,9,7029768
Chr09_7643121_7644075,0.879924043760182,0.0815726484999554,0.53078581234637,9,7643121
Chr09_7644076_7707585,0.781186450864283,0.0619803358717315,0.46704867267123656,9,7644076
Chr09_7707586_7716480,0.781186450864283,0.0619803358717315,0.46704867267123656,9,7707586
Chr09_7716481_8073961,0.700658954771654,0.0518110448786495,0.4399071271423927,9,7716481
Chr09_8073962_8094828,0.779573795275383,0.0456445982989971,0.43412475243698395,9,8073962
Chr09_8094829_8323134,0.779573795275383,0.0456445982989971,0.43412475243698395,9,8094829
Chr09_8323135_8323313,0.779573795275383,0.0456445982989971,0.43412475243698395,9,8323135
Chr09_8323314_8873271,0.688529302376457,0.0978538033703517,0.5641330712375094,9,8323314
Chr09_8873272_8931262,0.77661963101738,0.100781315952714,0.5739489738683574,9,8873272
Chr09_8931263_9461597,0.721536345457767,0.157078054250266,0.6749986894474067,9,8931263
Chr09_9461598_10169168,0.728706424079079,0.288089772862334,0.6826862392245048,9,9461598
Chr09_10169169_10546219,0.865470840345992,0.311134043877525,0.6902071134639793,9,10169169
Chr09_10546220_10546584,0.995602507091112,0.188483778067093,0.6749986894474067,9,10546220
Chr09_10546585_10817737,0.995602507091112,0.188483778067093,0.6749986894474067,9,10546585
Chr09_10817738_10817792,0.995602507091112,0.188483778067093,0.6749986894474067,9,10817738
Chr09_10817793_11190661,0.995602507091112,0.188483778067093,0.6749986894474067,9,10817793
Chr09_11190662_11198784,0.995602507091112,0.188483778067093,0.6749986894474067,9,11190662
Chr09_11198785_11824088,0.995602507091112,0.188483778067093,0.6749986894474067,9,11198785
Chr09_11824089_11824143,0.995602507091112,0.188483778067093,0.6749986894474067,9,11824089
Chr09_11824144_12217367,0.995602507091112,0.188483778067093,0.6749986894474067,9,11824144
Chr09_12217368_12217448,0.995602507091112,0.188483778067093,0.6749986894474067,9,12217368
Chr09_12217449_12479031,0.995602507091112,0.188483778067093,0.6749986894474067,9,12217449
Chr09_12479032_12479149,0.995602507091112,0.188483778067093,0.6749986894474067,9,12479032
Chr09_12479150_12868645,0.995602507091112,0.188483778067093,0.6749986894474067,9,12479150
Chr09_12868646_12948742,0.995602507091112,0.188483778067093,0.6749986894474067,9,12868646
Chr10_1_197484,0.496263701801564,0.8703575063196,0.9584949753139899,10,1
Chr10_197485_6224131,0.604717789373359,0.922781390609346,0.9715091208065392,10,197485
Chr10_6224132_6224703,0.807013169559463,0.532268234621054,0.8096500688474898,10,6224132
Chr10_6224704_7324683,0.939875874919004,0.793398893828374,0.9428321294463314,10,6224704
Chr10_7324684_7324725,0.751987865434505,0.784496029237684,0.9428321294463314,10,7324684
Chr10_7324726_7568912,0.751987865434505,0.784496029237684,0.9428321294463314,10,7324726
Chr10_7568913_7570147,0.748903147744039,0.916279311156267,0.9693607128540984,10,7568913
Chr10_7570148_7893941,0.931686898448004,0.899130327241868,0.9608629429205403,10,7570148
Chr10_7893942_7893951,0.843803390951563,0.85050051434985,0.9508516264401944,10,7893942
Chr10_7893952_8487113,0.790354329762045,0.812684591744186,0.9467232935347406,10,7893952
Chr10_8487114_8487454,0.851529794135223,0.86112109236051,0.9557036977409287,10,8487114
Chr10_8487455_9083699,0.994180600349779,0.401794552555166,0.7229838468897399,10,8487455
Chr10_9083700_9084167,0.843820204042533,0.253779810525658,0.6749986894474067,10,9083700
Chr10_9084168_9428493,0.837867614557692,0.261674294221945,0.6749986894474067,10,9084168
Chr10_9428494_10204714,0.689840667801621,0.0927657920207667,0.5585830626583744,10,9428494
Chr10_10204715_10204758,0.76011092672203,0.0836669366028988,0.532826043158193,10,10204715
Chr10_10204759_10683934,0.776528274606661,0.0840718208117943,0.532826043158193,10,10204759
Chr10_10683935_10683968,0.748075478497002,0.0514945673563956,0.4399071271423927,10,10683935
Chr10_10683969_11126331,0.748075478497002,0.0514945673563956,0.4399071271423927,10,10683969
Chr10_11126332_11126528,0.888819557636734,0.0759635931000004,0.521081175763819,10,11126332
Chr10_11126529_11377330,0.753685633998474,0.125010323568076,0.613512203357173,10,11126529
Chr10_11377331_11377366,0.753685633998474,0.125010323568076,0.613512203357173,10,11377331
Chr10_11377367_11690245,0.753685633998474,0.125010323568076,0.613512203357173,10,11377367
Chr10_11690246_11690720,0.753685633998474,0.125010323568076,0.613512203357173,10,11690246
Chr10_11690721_12005064,0.900770438265097,0.124157766707808,0.613512203357173,10,11690721
Chr10_12005065_12006023,0.963102801085161,0.507030271581414,0.8096500688474898,10,12005065
Chr10_12006024_12591692,0.824348255899735,0.445443507196442,0.7549465390110636,10,12006024
Chr10_12591693_12656985,0.732191170516054,0.393183363984147,0.7211321202618773,10,12591693
Chr10_12656986_13267591,0.504160559383759,0.589709768104803,0.8306010640312378,10,12656986
Chr10_13267592_13267739,0.776247541875084,0.541652638188995,0.8176050074871738,10,13267592
Chr10_13267740_13844052,0.73903172324893,0.511133783434099,0.8096500688474898,10,13267740
Chr10_13844053_13847558,0.916871704044502,0.631850313686312,0.8516630284476063,10,13844053
Chr10_13847559_14211378,0.90990334181004,0.672676798191811,0.889159800924811,10,13847559
Chr10_14211379_14211400,0.972639964784175,0.653987184976782,0.869257966698306,10,14211379
Chr10_14211401_14353862,0.925870591835108,0.616328853186571,0.8450239434090953,10,14211401
Chr10_14353863_14353900,0.89960247260996,0.636037579322407,0.8555033606500749,10,14353863
Chr10_14353901_15278725,0.905915972688421,0.829893232203036,0.9467232935347406,10,14353901
Chr10_15278726_15280941,0.851756450620748,0.879003043754218,0.9608629429205403,10,15278726
Chr10_15280942_15963527,0.76844418758412,0.746090846729112,0.9382509071218924,10,15280942
Chr10_15963528_15963809,0.876382908791242,0.235297821839658,0.6749986894474067,10,15963528
Chr10_15963810_16740206,0.99120341990441,0.189261762209485,0.6749986894474067,10,15963810
Chr10_16740207_16740454,0.970012882533257,0.202080356997126,0.6749986894474067,10,16740207
Chr10_16740455_17296191,0.827677065286509,0.275077835824962,0.6749986894474067,10,16740455
Chr10_17296192_17296662,0.818759886021213,0.276188467453045,0.675990699111417,10,17296192
Chr10_17296663_17608308,0.891395979899205,0.312133032720496,0.6902071134639793,10,17296663
Chr10_17608309_17610846,0.706955460591809,0.35667143243215,0.6975551414568463,10,17608309
Chr10_17610847_18004408,0.382136322795411,0.336296234631291,0.6975551414568463,10,17610847
Chr10_18004409_18025566,0.974025599090561,0.777618611461692,0.9428321294463314,10,18004409
Chr10_18025567_18378749,0.974025599090561,0.777618611461692,0.9428321294463314,10,18025567
Chr10_18378750_18379224,0.974025599090561,0.777618611461692,0.9428321294463314,10,18378750
Chr10_18379225_18625190,0.974025599090561,0.777618611461692,0.9428321294463314,10,18379225
Chr10_18625191_18625193,0.974025599090561,0.777618611461692,0.9428321294463314,10,18625191
Chr10_18625194_18841848,0.974025599090561,0.777618611461692,0.9428321294463314,10,18625194
Chr10_18841849_18842020,0.974025599090561,0.777618611461692,0.9428321294463314,10,18841849
Chr10_18842021_19456129,0.974025599090561,0.777618611461692,0.9428321294463314,10,18842021
Chr10_19456130_22580532,0.974025599090561,0.777618611461692,0.9428321294463314,10,19456130
Chr11_1_5977578,0.683818368501324,0.0756092421172168,0.521081175763819,11,1
Chr11_5977579_6941413,0.742433011188411,0.298209954792843,0.6868930224919478,11,5977579
Chr11_6941414_6941441,0.742433011188411,0.298209954792843,0.6868930224919478,11,6941414
Chr11_6941442_8022990,0.742433011188411,0.298209954792843,0.6868930224919478,11,6941442
Chr11_8022991_8023680,0.899554266668671,0.232875357171909,0.6749986894474067,11,8022991
Chr11_8023681_11175078,0.8151040568806,0.281809159049002,0.6793233380601887,11,8023681
Chr11_11175079_11219138,0.712836672360372,0.291473214430705,0.6853559366343605,11,11175079
Chr11_11219139_11931548,0.9712922300508,0.201774909618032,0.6749986894474067,11,11219139
Chr11_11931549_11931633,0.885966483649737,0.144697209344898,0.6562807077870493,11,11931549
Chr11_11931634_12929647,0.885966483649737,0.144697209344898,0.6562807077870493,11,11931634
Chr11_12929648_12929718,0.885966483649737,0.144697209344898,0.6562807077870493,11,12929648
Chr11_12929719_13960175,0.940041511500006,0.376543344601934,0.7093542928819898,11,12929719
Chr11_13960176_14069367,0.819997628167955,0.47973568503453,0.7888437295155416,11,13960176
Chr11_14069368_15156503,0.89207926074488,0.529279064938563,0.8096500688474898,11,14069368
Chr11_15156504_15156662,0.880503431589268,0.576447174513703,0.8237979654469509,11,15156504
Chr11_15156663_16050796,0.757088199255155,0.327666674754421,0.6975551414568463,11,15156663
Chr11_16050797_16079549,0.711164174169995,0.268103358217319,0.6749986894474067,11,16050797
Chr11_16079550_16540781,0.72804043881008,0.454090031183567,0.7610580732796386,11,16079550
Chr11_16540782_16540787,0.746716086240681,0.600364461248259,0.8380575085250872,11,16540782
Chr11_16540788_17082618,0.56198659494037,0.826921579755819,0.9467232935347406,11,16540788
Chr11_17082619_17082712,0.723625009245939,0.941191268932676,0.981176518920012,11,17082619
Chr11_17082713_17412226,0.652813334044392,0.785396327724633,0.9428321294463314,11,17082713
Chr11_17412227_17414686,0.829499121678957,0.976204860198567,0.9879619582224587,11,17412227
Chr11_17414687_18242241,0.722231734579869,0.958578474160932,0.9830752505631535,11,17414687
Chr11_18242242_18242252,0.865186982752949,0.828122067173111,0.9467232935347406,11,18242242
Chr11_18242253_18480279,0.865186982752949,0.828122067173111,0.9467232935347406,11,18242253
Chr11_18480280_18501271,0.865186982752949,0.828122067173111,0.9467232935347406,11,18480280
Chr12_1_3822339,0.812736853208368,0.209051837708756,0.6749986894474067,12,1
Chr12_3822340_4464731,0.802787103734892,0.0953602224564177,0.561065343231711,12,3822340
Chr12_4464732_4464757,0.802787103734892,0.0953602224564177,0.561065343231711,12,4464732
Chr12_4464758_5786323,0.836999367327754,0.229063996332846,0.6749986894474067,12,4464758
Chr12_5786324_5786415,0.964647515640373,0.379028767571221,0.7098444825159658,12,5786324
Chr12_5786416_6083094,0.89056963563412,0.517907279598546,0.8096500688474898,12,5786416
Chr12_6083095_6083928,0.88460469914175,0.825865886942533,0.9467232935347406,12,6083095
Chr12_6083929_9076379,0.88460469914175,0.825865886942533,0.9467232935347406,12,6083929
Chr12_9076380_9155776,0.88460469914175,0.825865886942533,0.9467232935347406,12,9076380
Chr12_9155777_9998859,0.794673770481331,0.780392573085513,0.9428321294463314,12,9155777
Chr12_9998860_15760346,0.8418930098998,0.956616057555901,0.9830752505631535,12,9998860
Chr13_1_21368,0.879813648380889,0.206415756571663,0.6749986894474067,13,1
Chr13_21369_304460,0.879813648380889,0.206415756571663,0.6749986894474067,13,21369
Chr13_304461_304882,0.879813648380889,0.206415756571663,0.6749986894474067,13,304461
Chr13_304883_695515,0.879813648380889,0.206415756571663,0.6749986894474067,13,304883
Chr13_695516_695834,0.879813648380889,0.206415756571663,0.6749986894474067,13,695516
Chr13_695835_1381178,0.879813648380889,0.206415756571663,0.6749986894474067,13,695835
Chr13_1381179_1381559,0.879813648380889,0.206415756571663,0.6749986894474067,13,1381179
Chr13_1381560_1623907,0.879813648380889,0.206415756571663,0.6749986894474067,13,1381560
Chr13_1623908_1645186,0.879813648380889,0.206415756571663,0.6749986894474067,13,1623908
Chr13_1645187_2273280,0.879813648380889,0.206415756571663,0.6749986894474067,13,1645187
Chr13_2273281_2282740,0.879813648380889,0.206415756571663,0.6749986894474067,13,2273281
Chr13_2282741_2705461,0.879813648380889,0.206415756571663,0.6749986894474067,13,2282741
Chr13_2705462_2715029,0.879813648380889,0.206415756571663,0.6749986894474067,13,2705462
Chr13_2715030_3396313,0.76128902793197,0.177715381537949,0.6749986894474067,13,2715030
Chr13_3396314_3396358,0.931310393154543,0.207801194583024,0.6749986894474067,13,3396314
Chr13_3396359_4112885,0.991373413497669,0.17448718170648,0.6749986894474067,13,3396359
Chr13_4112886_4114403,0.95283342523714,0.171995944199392,0.6749986894474067,13,4112886
Chr13_4114404_4735364,0.729680872001567,0.277731544268845,0.6763081116165005,13,4114404
Chr13_4735365_4735710,0.803559087619382,0.287349362475108,0.6826862392245048,13,4735365
Chr13_4735711_5504608,0.65082582213975,0.277720478137741,0.6763081116165005,13,4735711
Chr13_5504609_5504650,0.910322519978334,0.523090529577251,0.8096500688474898,13,5504609
Chr13_5504651_6156193,0.761168329673587,0.540000842550573,0.816399378074089,13,5504651
Chr13_6156194_6159444,0.996759334488925,0.599504685780335,0.8380575085250872,13,6156194
Chr13_6159445_6623045,0.996759334488925,0.599504685780335,0.8380575085250872,13,6159445
Chr13_6623046_6633578,0.996759334488925,0.599504685780335,0.8380575085250872,13,6623046
Chr13_6633579_10793043,0.982554349340921,0.59018675396159,0.8306010640312378,13,6633579
Chr13_10793044_10793124,0.918769886984061,0.661773595599234,0.8771708185435829,13,10793044
Chr13_10793125_12234858,0.847196710220552,0.799161879563436,0.9428321294463314,13,10793125
Chr13_12234859_12235631,0.942020934940374,0.862829670687735,0.9557036977409287,13,12234859
Chr13_12235632_13036378,0.883897518246241,0.448412508533706,0.7568443927103292,13,12235632
Chr13_13036379_13036541,0.936270693240144,0.411878632268389,0.731294714435711,13,13036379
Chr13_13036542_14040219,0.900535758957887,0.391581391637958,0.7211321202618773,13,13036542
Chr13_14040220_14040443,0.868660953917819,0.334553437927229,0.6975551414568463,13,14040220
Chr13_14040444_14249673,0.672011262419681,0.265566432079689,0.6749986894474067,13,14040444
Chr13_14249674_14250314,0.752608200410257,0.213719590869003,0.6749986894474067,13,14249674
Chr13_14250315_14575821,0.777139765960533,0.300244469243729,0.6868930224919478,13,14250315
Chr13_14575822_14575856,0.949096971201397,0.273529532263837,0.6749986894474067,13,14575822
Chr13_14575857_15201210,0.949096971201397,0.273529532263837,0.6749986894474067,13,14575857
Chr13_15201211_15201717,0.949096971201397,0.273529532263837,0.6749986894474067,13,15201211
Chr13_15201718_15621666,0.816685787735096,0.350315081647585,0.6975551414568463,13,15201718
Chr13_15621667_15623226,0.997234173940548,0.596536807687747,0.8380575085250872,13,15621667
Chr13_15623227_16175370,0.866405878432646,0.616250940321996,0.8450239434090953,13,15623227
Chr13_16175371_16228825,0.779418730405518,0.796863240915463,0.9428321294463314,13,16175371
Chr13_16228826_16309277,0.779418730405518,0.796863240915463,0.9428321294463314,13,16228826
Chr13_16309278_16320717,0.779418730405518,0.796863240915463,0.9428321294463314,13,16309278
Chr14_1_1412541,0.766028680242928,0.903632861680759,0.9608629429205403,14,1
Chr14_1412542_1718839,0.766028680242928,0.903632861680759,0.9608629429205403,14,1412542
Chr14_1718840_1769847,0.766028680242928,0.903632861680759,0.9608629429205403,14,1718840
Chr14_1769848_2181663,0.766028680242928,0.903632861680759,0.9608629429205403,14,1769848
Chr14_2181664_2181860,0.766028680242928,0.903632861680759,0.9608629429205403,14,2181664
Chr14_2181861_2932266,0.766028680242928,0.903632861680759,0.9608629429205403,14,2181861
Chr14_2932267_2944359,0.766028680242928,0.903632861680759,0.9608629429205403,14,2932267
Chr14_2944360_3608257,0.766028680242928,0.903632861680759,0.9608629429205403,14,2944360
Chr14_3608258_3667942,0.766028680242928,0.903632861680759,0.9608629429205403,14,3608258
Chr14_3667943_4198692,0.766028680242928,0.903632861680759,0.9608629429205403,14,3667943
Chr14_4198693_4198900,0.766028680242928,0.903632861680759,0.9608629429205403,14,4198693
Chr14_4198901_5484913,0.766028680242928,0.903632861680759,0.9608629429205403,14,4198901
Chr14_5484914_5485101,0.766028680242928,0.903632861680759,0.9608629429205403,14,5484914
Chr14_5485102_5794209,0.766028680242928,0.903632861680759,0.9608629429205403,14,5485102
Chr14_5794210_5794788,0.766028680242928,0.903632861680759,0.9608629429205403,14,5794210
Chr14_5794789_6335975,0.766028680242928,0.903632861680759,0.9608629429205403,14,5794789
Chr14_6335976_6360148,0.782130702642832,0.884422721629307,0.9608629429205403,14,6335976
Chr14_6360149_6878286,0.881320167043685,0.429981410579755,0.7466939639927115,14,6360149
Chr14_6878287_6941814,0.993605092426101,0.363412706212742,0.6975551414568463,14,6878287
Chr14_6941815_7207281,0.993605092426101,0.363412706212742,0.6975551414568463,14,6941815
Chr14_7207282_7207355,0.993605092426101,0.363412706212742,0.6975551414568463,14,7207282
Chr14_7207356_7560189,0.641531532555847,0.194234084863344,0.6749986894474067,14,7207356
Chr14_7560190_7561488,0.769007142784752,0.122066890338397,0.613512203357173,14,7560190
Chr14_7561489_7987654,0.729086150077137,0.101719141226295,0.5739489738683574,14,7561489
Chr14_7987655_7987722,0.854856067611928,0.104627491879521,0.5739489738683574,14,7987655
Chr14_7987723_8360105,0.854856067611928,0.104627491879521,0.5739489738683574,14,7987723
Chr14_8360106_8360172,0.801275958803203,0.118677783069041,0.6041204170057034,14,8360106
Chr14_8360173_8826511,0.704196179317419,0.247756088195557,0.6749986894474067,14,8360173
Chr14_8826512_8830870,0.8466309944042,0.518059955462759,0.8096500688474898,14,8826512
Chr14_8830871_9343987,0.863927553918082,0.507255813787873,0.8096500688474898,14,8830871
Chr14_9343988_9344082,0.945387693776437,0.507572922527539,0.8096500688474898,14,9343988
Chr14_9344083_9965612,0.883161689463599,0.345710382975103,0.6975551414568463,14,9344083
Chr14_9965613_9966400,0.830342826912189,0.249076868020194,0.6749986894474067,14,9965613
Chr14_9966401_10546826,0.736095334807887,0.332306759310714,0.6975551414568463,14,9966401
Chr14_10546827_10558441,0.753146261701981,0.311063185264274,0.6902071134639793,14,10546827
Chr14_10558442_10778296,0.540193816378697,0.574009413645182,0.8237979654469509,14,10558442
Chr14_10778297_10778347,0.888042479151296,0.949176912198334,0.9830752505631535,14,10778297
Chr14_10778348_11073729,0.877291878919792,0.961300830666171,0.9830752505631535,14,10778348
Chr14_11073730_11073845,0.903049200093165,0.708810632379295,0.912963358259738,14,11073730
Chr14_11073846_11330828,0.783408881633368,0.777741641626826,0.9428321294463314,14,11073846
Chr14_11330829_11340231,0.970058258703736,0.752507320076962,0.9426040645466658,14,11330829
Chr14_11340232_11992188,0.970058258703736,0.752507320076962,0.9426040645466658,14,11340232
Chr14_11992189_12577176,0.770954260341615,0.677633016368834,0.890789555858481,14,11992189
Chr14_12577177_12580950,0.811815645515724,0.752226788340549,0.9426040645466658,14,12577177
Chr14_12580951_13241500,0.89890154541979,0.583654475846708,0.8250477598010334,14,12580951
Chr14_13241501_13241548,0.886612469984575,0.91799025674766,0.9696652049751773,14,13241501
Chr14_13241549_13859511,0.863852786871169,0.674598075436149,0.8904694595757168,14,13241549
Chr14_13859512_13861671,0.816598751588594,0.788007493029718,0.9428321294463314,14,13859512
Chr14_13861672_14649332,0.926704238460081,0.784419256353983,0.9428321294463314,14,13861672
Chr14_14649333_14669398,0.886275646220922,0.631503655207923,0.8516630284476063,14,14649333
Chr14_14669399_18687184,0.829215151482298,0.581652337142414,0.8237979654469509,14,14669399
Chr14_18687185_18920894,0.672492569970538,0.617795722765672,0.8458233285933449,14,18687185
Chr15_1_7723996,0.842453382305669,0.143997018166187,0.6562807077870493,15,1
Chr15_7723997_8513282,0.988437865545652,0.0615188966374637,0.46704867267123656,15,7723997
Chr15_8513283_8514921,0.988437865545652,0.0615188966374637,0.46704867267123656,15,8513283
Chr15_8514922_9058550,0.988437865545652,0.0615188966374637,0.46704867267123656,15,8514922
Chr15_9058551_9058635,0.988437865545652,0.0615188966374637,0.46704867267123656,15,9058551
Chr15_9058636_9494238,0.988437865545652,0.0615188966374637,0.46704867267123656,15,9058636
Chr15_9494239_9504212,0.988437865545652,0.0615188966374637,0.46704867267123656,15,9494239
Chr15_9504213_10360334,0.682878762474774,0.0481591761386076,0.4399071271423927,15,9504213
Chr15_10360335_10382562,0.624301697811011,0.0537998464060142,0.4485673067376408,15,10360335
Chr15_10382563_10922105,0.838714477334054,0.0972483519929181,0.564040441558925,15,10382563
Chr15_10922106_10923379,0.751433329806654,0.075899981961607,0.521081175763819,15,10922106
Chr15_10923380_11250913,0.865175904149926,0.10940275853152,0.5784444194180366,15,10923380
Chr15_11250914_11251179,0.779407021303762,0.261928914980115,0.6749986894474067,15,11250914
Chr15_11251180_11559025,0.779407021303762,0.261928914980115,0.6749986894474067,15,11251180
Chr15_11559026_11559435,0.937253298856389,0.349904620213106,0.6975551414568463,15,11559026
Chr15_11559436_12323884,0.696679704055906,0.655689400891118,0.8703117290607489,15,11559436
Chr15_12323885_12324836,0.759327886211352,0.930500894144343,0.9753443107296125,15,12323885
Chr15_12324837_12552124,0.759327886211352,0.930500894144343,0.9753443107296125,15,12324837
Chr15_12552125_12561540,0.759327886211352,0.930500894144343,0.9753443107296125,15,12552125
Chr15_12561541_13586065,0.72023084483834,0.880374229502877,0.9608629429205403,15,12561541
Chr15_13586066_15278577,0.745460913865226,0.569434038266862,0.8237979654469509,15,13586066
Chr16_1_21646,0.843036542053122,0.533844507254719,0.8096500688474898,16,1
Chr16_21647_321148,0.843036542053122,0.533844507254719,0.8096500688474898,16,21647
Chr16_321149_321364,0.843036542053122,0.533844507254719,0.8096500688474898,16,321149
Chr16_321365_1274427,0.843036542053122,0.533844507254719,0.8096500688474898,16,321365
Chr16_1274428_1291033,0.843036542053122,0.533844507254719,0.8096500688474898,16,1274428
Chr16_1291034_1748515,0.843036542053122,0.533844507254719,0.8096500688474898,16,1291034
Chr16_1748516_1748598,0.843036542053122,0.533844507254719,0.8096500688474898,16,1748516
Chr16_1748599_2211077,0.843036542053122,0.533844507254719,0.8096500688474898,16,1748599
Chr16_2211078_2220920,0.843036542053122,0.533844507254719,0.8096500688474898,16,2211078
Chr16_2220921_2534899,0.843036542053122,0.533844507254719,0.8096500688474898,16,2220921
Chr16_2534900_2548024,0.843036542053122,0.533844507254719,0.8096500688474898,16,2534900
Chr16_2548025_2705726,0.843036542053122,0.533844507254719,0.8096500688474898,16,2548025
Chr16_2705727_2721119,0.843036542053122,0.533844507254719,0.8096500688474898,16,2705727
Chr16_2721120_3234928,0.843036542053122,0.533844507254719,0.8096500688474898,16,2721120
Chr16_3234929_3265636,0.843036542053122,0.533844507254719,0.8096500688474898,16,3234929
Chr16_3265637_3600924,0.843036542053122,0.533844507254719,0.8096500688474898,16,3265637
Chr16_3600925_3601048,0.843036542053122,0.533844507254719,0.8096500688474898,16,3600925
Chr16_3601049_4415955,0.792985823430876,0.514649162231233,0.8096500688474898,16,3601049
Chr16_4415956_4464442,0.554536345760583,0.4446356021789,0.7549465390110636,16,4415956
Chr16_4464443_5048763,0.934319588313577,0.27479325837936,0.6749986894474067,16,4464443
Chr16_5048764_5050207,0.674107828610838,0.291231488612858,0.6853559366343605,16,5048764
Chr16_5050208_6618607,0.82247163130843,0.467359000122543,0.7738106628326533,16,5050208
Chr16_6618608_7456888,0.945475172924856,0.562604334816293,0.8237979654469509,16,6618608
Chr16_7456889_7457544,0.838379453104396,0.692161680378338,0.8999982719049857,16,7456889
Chr16_7457545_9757022,0.960519657368191,0.864816089148645,0.9567965286881541,16,7457545
Chr16_9757023_9757206,0.783902434961376,0.764576840317073,0.9428321294463314,16,9757023
Chr16_9757207_11277586,0.584034808400687,0.869541325032915,0.9584949753139899,16,9757207
Chr16_11277587_11303659,0.836377894438899,0.300044423289514,0.6868930224919478,16,11277587
Chr16_11303660_11775746,0.836377894438899,0.300044423289514,0.6868930224919478,16,11303660
Chr16_11775747_11775802,0.836377894438899,0.300044423289514,0.6868930224919478,16,11775747
Chr16_11775803_12458590,0.929896031270869,0.367862393919621,0.6975551414568463,16,11775803
Chr16_12458591_12459141,0.81136857428521,0.503712102431854,0.8096500688474898,16,12458591
Chr16_12459142_12780007,0.81136857428521,0.503712102431854,0.8096500688474898,16,12459142
Chr16_12780008_12780022,0.81136857428521,0.503712102431854,0.8096500688474898,16,12780008
Chr16_12780023_13518832,0.774840598098466,0.354274298412893,0.6975551414568463,16,12780023
Chr16_13518833_13518868,0.801478493676533,0.33214108014248,0.6975551414568463,16,13518833
Chr16_13518869_14174202,0.982356033492631,0.27229276111427,0.6749986894474067,16,13518869
Chr16_14174203_14176896,0.901961218276532,0.262697856905156,0.6749986894474067,16,14174203
Chr16_14176897_14408136,0.836273290659006,0.280859051209399,0.6787427070893809,16,14176897
Chr16_14408137_14494361,0.747665312336878,0.21881956697093,0.6749986894474067,16,14408137
Chr17_1_5861628,0.511505558420254,0.552866695312566,0.8237979654469509,17,1
Chr17_5861629_9076514,0.50586159213108,0.568585530304748,0.8237979654469509,17,5861629
Chr17_9076515_9135976,0.673611839501964,0.389736148213411,0.7211321202618773,17,9076515
Chr17_9135977_10478406,0.620476190283217,0.377567206382467,0.7098444825159658,17,9135977
Chr17_10478407_10480775,0.847787053053855,0.430400930117159,0.7466939639927115,17,10478407
Chr17_10480776_10878354,0.934019436288788,0.498144883801586,0.8096500688474898,17,10480776
Chr17_10878355_10878412,0.885839783061025,0.484726578965547,0.7956832522641998,17,10878355
Chr17_10878413_11065072,0.969350298049014,0.669380223084961,0.8860261044153633,17,10878413
Chr17_11065073_11065075,0.811793803271709,0.827741580630743,0.9467232935347406,17,11065073
Chr17_11065076_11866233,0.790572080369088,0.839801428768649,0.9467232935347406,17,11065076
Chr17_11866234_11884943,0.835963264358196,0.857701958143046,0.9533342322217131,17,11866234
Chr17_11884944_12457477,0.835963264358196,0.857701958143046,0.9533342322217131,17,11884944
Chr17_12457478_12457521,0.835963264358196,0.857701958143046,0.9533342322217131,17,12457478
Chr17_12457522_12723868,0.618316465638087,0.970050775898064,0.9879619582224587,17,12457522
Chr17_12723869_12724030,0.798193895633129,0.952679617161059,0.9830752505631535,17,12723869
Chr17_12724031_13345560,0.798193895633129,0.952679617161059,0.9830752505631535,17,12724031
Chr17_13345561_13349542,0.798193895633129,0.952679617161059,0.9830752505631535,17,13345561
Chr17_13349543_13731534,0.871757239598039,0.848555234534646,0.9505404657361014,17,13349543
Chr17_13731535_13865657,0.961086395340358,0.940019844706523,0.9810239818801991,17,13731535
Chr17_13865658_14959995,0.54385277230784,0.976517445942548,0.9879619582224587,17,13865658
Chr17_14959996_14960010,0.729639688663654,0.767893245332827,0.9428321294463314,17,14959996
Chr17_14960011_15481423,0.729639688663654,0.767893245332827,0.9428321294463314,17,14960011
Chr17_15481424_15481595,0.729639688663654,0.767893245332827,0.9428321294463314,17,15481424
Chr17_15481596_16075256,0.729639688663654,0.767893245332827,0.9428321294463314,17,15481596
Chr17_16075257_16080358,0.729639688663654,0.767893245332827,0.9428321294463314,17,16075257
Chr18_1_26654,0.879536605122836,0.143091474359306,0.6562807077870493,18,1
Chr18_26655_279491,0.803103931335661,0.163981286554042,0.6749986894474067,18,26655
Chr18_279492_280287,0.945000270636756,0.221948332243744,0.6749986894474067,18,279492
Chr18_280288_518924,0.945000270636756,0.221948332243744,0.6749986894474067,18,280288
Chr18_518925_519693,0.945000270636756,0.221948332243744,0.6749986894474067,18,518925
Chr18_519694_1337265,0.762498764645811,0.090477018321899,0.5550417085516497,18,519694
Chr18_1337266_1337375,0.851768598148429,0.104451390962202,0.5739489738683574,18,1337266
Chr18_1337376_1621290,0.5688577925848,0.1760781955633,0.6749986894474067,18,1337376
Chr18_1621291_1678120,0.754989531231604,0.0778627044244787,0.521081175763819,18,1621291
Chr18_1678121_2304869,0.764800679180358,0.0768513069451145,0.521081175763819,18,1678121
Chr18_2304870_2306624,0.80546100753501,0.302149576401511,0.6868930224919478,18,2304870
Chr18_2306625_3076449,0.68410081043496,0.326900092441254,0.6975551414568463,18,2306625
Chr18_3076450_3079012,0.991130428007231,0.463686620578673,0.7703959998156077,18,3076450
Chr18_3079013_4408573,0.960881862752431,0.407314934237766,0.7277170571452789,18,3079013
Chr18_4408574_4408732,0.960936774820223,0.434474846835572,0.7466939639927115,18,4408574
Chr18_4408733_8336718,0.980937104923385,0.404029277644468,0.7240749413965466,18,4408733
Chr18_8336719_8389865,0.929163746173968,0.351810899754336,0.6975551414568463,18,8336719
Chr18_8389866_8978244,0.89238520003663,0.207671478933567,0.6749986894474067,18,8389866
Chr18_8978245_8989772,0.96324277771649,0.11681160081254,0.5978005453347635,18,8978245
Chr18_8989773_10885711,0.0962594487719412,0.3282440018823,0.6975551414568463,18,8989773
Chr18_10885712_10894960,0.111562146077507,0.400909753975765,0.7229838468897399,18,10885712
Chr18_10894961_11299101,0.111562146077507,0.400909753975765,0.7229838468897399,18,10894961
Chr18_11299102_12139614,0.111562146077507,0.400909753975765,0.7229838468897399,18,11299102
Chr18_12139615_12571439,0.111562146077507,0.400909753975765,0.7229838468897399,18,12139615
Chr18_12571440_12571795,0.111562146077507,0.400909753975765,0.7229838468897399,18,12571440
Chr18_12571796_13215977,0.143197658400557,0.464605386898734,0.770584671164798,18,12571796
Chr18_13215978_13250655,0.842567714639864,0.78420278526674,0.9428321294463314,18,13215978
Chr18_13250656_13635593,0.547468034935455,0.956582802990991,0.9830752505631535,18,13250656
Chr18_13635594_13643736,0.837355275985273,0.983345619552321,0.9879619582224587,18,13635594
Chr18_13643737_13898263,0.800444457024784,0.714743455467077,0.915936219014819,18,13643737
Chr18_13898264_13898423,0.732711712657226,0.630001976308069,0.8515704679757373,18,13898264
Chr18_13898424_14524913,0.732711712657226,0.630001976308069,0.8515704679757373,18,13898424
Chr18_14524914_14524954,0.732711712657226,0.630001976308069,0.8515704679757373,18,14524914
Chr18_14524955_15053717,0.732711712657226,0.630001976308069,0.8515704679757373,18,14524955
Chr18_15053718_15891874,0.732711712657226,0.630001976308069,0.8515704679757373,18,15053718
Chr18_15891875_16246662,0.732711712657226,0.630001976308069,0.8515704679757373,18,15891875
Chr18_16246663_16246682,0.732711712657226,0.630001976308069,0.8515704679757373,18,16246663
Chr18_16246683_16819341,0.732711712657226,0.630001976308069,0.8515704679757373,18,16246683
Chr18_16819342_16958300,0.732711712657226,0.630001976308069,0.8515704679757373,18,16819342
Chr19_1_2876126,0.910322686152132,0.392502808058066,0.7211321202618773,19,1
Chr19_2876127_4004896,0.840654299598355,0.352571322108844,0.6975551414568463,19,2876127
Chr19_4004897_4016872,0.586827557752196,0.203991210338282,0.6749986894474067,19,4004897
Chr19_4016873_4784385,0.646857973691906,0.246386314301061,0.6749986894474067,19,4016873
Chr19_4784386_4798846,0.646857973691906,0.246386314301061,0.6749986894474067,19,4784386
Chr19_4798847_7574587,0.646857973691906,0.246386314301061,0.6749986894474067,19,4798847
Chr19_7574588_7575123,0.646857973691906,0.246386314301061,0.6749986894474067,19,7574588
Chr19_7575124_8801717,0.646857973691906,0.246386314301061,0.6749986894474067,19,7575124
Chr19_8801718_8881408,0.910695736946832,0.201479696457186,0.6749986894474067,19,8801718
Chr19_8881409_9417721,0.799533300724102,0.34056250252141,0.6975551414568463,19,8881409
Chr19_9417722_9417814,0.931582595809042,0.400537116801455,0.7229838468897399,19,9417722
Chr19_9417815_11103766,0.911585614004477,0.392936562183385,0.7211321202618773,19,9417815
Chr19_11103767_11155117,0.895577846433112,0.682115949817176,0.8942259780479965,19,11103767
Chr19_11155118_11566144,0.585269133898804,0.76675550338557,0.9428321294463314,19,11155118
Chr19_11566145_11566546,0.741551263459017,0.737360129324703,0.9297149456702777,19,11566145
Chr19_11566547_12131362,0.820128805284902,0.995574895039082,0.9969632311510368,19,11566547
Chr19_12131363_12155744,0.986262982329215,0.800963972037479,0.9428321294463314,19,12131363
Chr19_12155745_13180439,0.986262982329215,0.800963972037479,0.9428321294463314,19,12155745
Chr19_13180440_13217491,0.986262982329215,0.800963972037479,0.9428321294463314,19,13180440
Chr19_13217492_15336727,0.986262982329215,0.800963972037479,0.9428321294463314,19,13217492
Chr19_15336728_15336865,0.986262982329215,0.800963972037479,0.9428321294463314,19,15336728
Chr19_15336866_15847400,0.986262982329215,0.800963972037479,0.9428321294463314,19,15336866
Chr19_15847401_15942145,0.986262982329215,0.800963972037479,0.9428321294463314,19,15847401
